session_id,window_start,window_end,total_edit_count,driver_edit_count,navigator_edit_count,edit_balance_ratio,run_attempt_count,run_success_rate,consecutive_failure_count,error_recovery_seconds_avg,idle_ratio,discussion_note_count,navigator_note_count,role_switch_count,seconds_since_role_switch,active_user_dominance,label,label_source,rater
demo_productive_00,1780000000.0,1780000180.0,20.0,0.0,0.0,1.0,1.0,1.0,0.0,0.0,0.0,3.0,0.0,0.0,180.0,0.9231,PRODUCTIVE,synthetic,generator
demo_productive_00,1780000030.0,1780000210.0,21.0,0.0,0.0,1.0,1.0,1.0,0.0,0.0,0.0,3.0,0.0,0.0,180.0,0.9615,PRODUCTIVE,synthetic,generator
demo_productive_00,1780000060.0,1780000240.0,20.0,0.0,0.0,1.0,2.0,1.0,0.0,0.0,0.0,3.0,0.0,0.0,180.0,0.963,PRODUCTIVE,synthetic,generator
demo_productive_00,1780000090.0,1780000270.0,19.0,0.0,0.0,1.0,2.0,1.0,0.0,0.0,0.0,3.0,0.0,0.0,180.0,0.9615,PRODUCTIVE,synthetic,generator
demo_productive_00,1780000120.0,1780000300.0,20.0,0.0,0.0,1.0,1.0,1.0,0.0,0.0,0.0,3.0,0.0,0.0,180.0,0.92,PRODUCTIVE,synthetic,generator
demo_productive_00,1780000150.0,1780000330.0,19.0,0.0,0.0,1.0,1.0,1.0,0.0,0.0,0.1111,2.0,0.0,0.0,180.0,0.9565,PRODUCTIVE,synthetic,generator
demo_productive_00,1780000180.0,1780000360.0,20.0,0.0,0.0,1.0,1.0,1.0,0.0,0.0,0.1111,3.0,0.0,0.0,180.0,0.92,PRODUCTIVE,synthetic,generator
demo_productive_00,1780000210.0,1780000390.0,19.0,0.0,0.0,1.0,2.0,1.0,0.0,0.0,0.1111,4.0,0.0,0.0,180.0,0.8889,PRODUCTIVE,synthetic,generator
demo_productive_00,1780000240.0,1780000420.0,19.0,0.0,0.0,1.0,1.0,1.0,0.0,0.0,0.1111,3.0,0.0,0.0,180.0,0.875,PRODUCTIVE,synthetic,generator
demo_productive_00,1780000270.0,1780000450.0,19.0,2.0,17.0,0.8947,1.0,1.0,0.0,0.0,0.1111,3.0,0.0,1.0,21.99,0.76,PRODUCTIVE,synthetic,generator
demo_productive_00,1780000300.0,1780000480.0,18.0,5.0,13.0,0.7222,2.0,1.0,0.0,0.0,0.1111,3.0,0.0,1.0,51.99,0.5769,PRODUCTIVE,synthetic,generator
demo_productive_00,1780000330.0,1780000510.0,20.0,9.0,11.0,0.55,2.0,1.0,0.0,0.0,0.0,3.0,0.0,1.0,81.99,0.5357,PRODUCTIVE,synthetic,generator
demo_productive_00,1780000360.0,1780000540.0,19.0,12.0,7.0,0.6316,2.0,1.0,0.0,0.0,0.0556,3.0,1.0,1.0,111.99,0.6296,PRODUCTIVE,synthetic,generator
demo_productive_00,1780000390.0,1780000570.0,18.0,14.0,4.0,0.7778,2.0,1.0,0.0,0.0,0.1111,2.0,1.0,1.0,141.99,0.8,PRODUCTIVE,synthetic,generator
demo_productive_00,1780000420.0,1780000600.0,19.0,18.0,1.0,0.9474,2.0,1.0,0.0,0.0,0.1111,3.0,1.0,1.0,171.99,0.9259,PRODUCTIVE,synthetic,generator
demo_productive_00,1780000450.0,1780000630.0,21.0,21.0,0.0,1.0,2.0,1.0,0.0,0.0,0.1111,3.0,1.0,0.0,201.99,0.9643,PRODUCTIVE,synthetic,generator
demo_productive_00,1780000480.0,1780000660.0,21.0,21.0,0.0,1.0,1.0,1.0,0.0,0.0,0.1111,2.0,1.0,0.0,231.99,0.96,PRODUCTIVE,synthetic,generator
demo_productive_00,1780000510.0,1780000690.0,21.0,21.0,0.0,1.0,1.0,1.0,0.0,0.0,0.1111,3.0,2.0,0.0,261.99,0.9231,PRODUCTIVE,synthetic,generator
demo_productive_00,1780000540.0,1780000720.0,21.0,21.0,0.0,1.0,1.0,1.0,0.0,0.0,0.1111,3.0,1.0,0.0,291.99,0.9615,PRODUCTIVE,synthetic,generator
demo_productive_01,1780004320.0,1780004500.0,12.0,0.0,0.0,1.0,1.0,1.0,0.0,0.0,0.1667,3.0,0.0,0.0,180.0,0.8333,PRODUCTIVE,synthetic,generator
demo_productive_01,1780004350.0,1780004530.0,15.0,0.0,0.0,1.0,1.0,1.0,0.0,0.0,0.1667,2.0,0.0,0.0,180.0,0.8947,PRODUCTIVE,synthetic,generator
demo_productive_01,1780004380.0,1780004560.0,14.0,0.0,0.0,1.0,1.0,1.0,0.0,0.0,0.2222,3.0,0.0,0.0,180.0,0.8947,PRODUCTIVE,synthetic,generator
demo_productive_01,1780004410.0,1780004590.0,14.0,0.0,0.0,1.0,1.0,1.0,0.0,0.0,0.2222,3.0,0.0,0.0,180.0,0.8947,PRODUCTIVE,synthetic,generator
demo_productive_01,1780004440.0,1780004620.0,15.0,0.0,0.0,1.0,2.0,1.0,0.0,0.0,0.2222,3.0,0.0,0.0,180.0,0.9545,PRODUCTIVE,synthetic,generator
demo_productive_01,1780004470.0,1780004650.0,15.0,0.0,0.0,1.0,1.0,1.0,0.0,0.0,0.1667,4.0,0.0,0.0,180.0,0.9048,PRODUCTIVE,synthetic,generator
demo_productive_01,1780004500.0,1780004680.0,16.0,0.0,0.0,1.0,1.0,1.0,0.0,0.0,0.1111,3.0,0.0,0.0,180.0,0.9524,PRODUCTIVE,synthetic,generator
demo_productive_01,1780004530.0,1780004710.0,14.0,2.0,12.0,0.8571,1.0,1.0,0.0,0.0,0.1111,4.0,2.0,1.0,23.89,0.7273,PRODUCTIVE,synthetic,generator
demo_productive_01,1780004560.0,1780004740.0,15.0,5.0,10.0,0.6667,2.0,0.5,1.0,0.0,0.0556,3.0,1.0,1.0,53.89,0.5652,PRODUCTIVE,synthetic,generator
demo_productive_01,1780004590.0,1780004770.0,15.0,8.0,7.0,0.5333,2.0,0.5,1.0,0.0,0.0556,4.0,2.0,1.0,83.89,0.5417,PRODUCTIVE,synthetic,generator
demo_productive_01,1780004620.0,1780004800.0,15.0,10.0,5.0,0.6667,1.0,0.0,1.0,0.0,0.0556,3.0,1.0,1.0,113.89,0.7143,PRODUCTIVE,synthetic,generator
demo_productive_01,1780004650.0,1780004830.0,16.0,13.0,3.0,0.8125,1.0,0.0,1.0,0.0,0.0556,3.0,1.0,1.0,143.89,0.8182,PRODUCTIVE,synthetic,generator
demo_productive_01,1780004680.0,1780004860.0,15.0,15.0,0.0,1.0,2.0,0.5,1.0,124.92,0.1111,4.0,2.0,1.0,173.89,0.9167,PRODUCTIVE,synthetic,generator
demo_productive_01,1780004710.0,1780004890.0,16.0,16.0,0.0,1.0,2.0,0.5,1.0,124.92,0.1667,3.0,2.0,0.0,203.89,0.9091,PRODUCTIVE,synthetic,generator
demo_productive_01,1780004740.0,1780004920.0,15.0,15.0,0.0,1.0,1.0,1.0,0.0,0.0,0.2222,4.0,2.0,0.0,233.89,0.9048,PRODUCTIVE,synthetic,generator
demo_productive_01,1780004770.0,1780004950.0,14.0,14.0,0.0,1.0,1.0,1.0,0.0,0.0,0.2778,3.0,1.0,0.0,263.89,0.9474,PRODUCTIVE,synthetic,generator
demo_productive_01,1780004800.0,1780004980.0,14.0,14.0,0.0,1.0,1.0,1.0,0.0,0.0,0.2778,4.0,1.0,0.0,293.89,0.95,PRODUCTIVE,synthetic,generator
demo_productive_01,1780004830.0,1780005010.0,12.0,12.0,0.0,1.0,2.0,1.0,0.0,0.0,0.3333,3.0,1.0,0.0,323.89,0.9474,PRODUCTIVE,synthetic,generator
demo_productive_01,1780004860.0,1780005040.0,13.0,13.0,0.0,1.0,1.0,1.0,0.0,0.0,0.2778,3.0,0.0,0.0,353.89,1.0,PRODUCTIVE,synthetic,generator
demo_productive_02,1780008640.0,1780008820.0,12.0,0.0,0.0,1.0,2.0,1.0,0.0,0.0,0.1111,2.0,0.0,0.0,180.0,0.8421,PRODUCTIVE,synthetic,generator
demo_productive_02,1780008670.0,1780008850.0,12.0,0.0,0.0,1.0,2.0,1.0,0.0,0.0,0.1667,3.0,0.0,0.0,180.0,0.8947,PRODUCTIVE,synthetic,generator
demo_productive_02,1780008700.0,1780008880.0,12.0,0.0,0.0,1.0,2.0,1.0,0.0,0.0,0.2222,2.0,0.0,0.0,180.0,0.9444,PRODUCTIVE,synthetic,generator
demo_productive_02,1780008730.0,1780008910.0,12.0,0.0,0.0,1.0,1.0,1.0,0.0,0.0,0.2222,3.0,0.0,0.0,180.0,0.8824,PRODUCTIVE,synthetic,generator
demo_productive_02,1780008760.0,1780008940.0,12.0,1.0,11.0,0.9167,1.0,1.0,0.0,0.0,0.2222,4.0,2.0,1.0,26.37,0.7895,PRODUCTIVE,synthetic,generator
demo_productive_02,1780008790.0,1780008970.0,11.0,3.0,8.0,0.7273,2.0,1.0,0.0,0.0,0.2778,3.0,2.0,1.0,56.37,0.6316,PRODUCTIVE,synthetic,generator
demo_productive_02,1780008820.0,1780009000.0,11.0,5.0,6.0,0.5455,1.0,1.0,0.0,0.0,0.3333,3.0,2.0,1.0,86.37,0.5294,PRODUCTIVE,synthetic,generator
demo_productive_02,1780008850.0,1780009030.0,12.0,8.0,4.0,0.6667,1.0,1.0,0.0,0.0,0.2778,3.0,1.0,1.0,116.37,0.7222,PRODUCTIVE,synthetic,generator
demo_productive_02,1780008880.0,1780009060.0,12.0,10.0,2.0,0.8333,1.0,1.0,0.0,0.0,0.2778,3.0,1.0,1.0,146.37,0.8333,PRODUCTIVE,synthetic,generator
demo_productive_02,1780008910.0,1780009090.0,14.0,13.0,1.0,0.9286,2.0,1.0,0.0,0.0,0.2222,3.0,1.0,1.0,176.37,0.9091,PRODUCTIVE,synthetic,generator
demo_productive_02,1780008940.0,1780009120.0,14.0,14.0,0.0,1.0,2.0,1.0,0.0,0.0,0.2222,2.0,0.0,0.0,206.37,1.0,PRODUCTIVE,synthetic,generator
demo_productive_02,1780008970.0,1780009150.0,14.0,14.0,0.0,1.0,1.0,1.0,0.0,0.0,0.2222,3.0,1.0,0.0,236.37,0.9474,PRODUCTIVE,synthetic,generator
demo_productive_02,1780009000.0,1780009180.0,14.0,14.0,0.0,1.0,1.0,1.0,0.0,0.0,0.2222,3.0,1.0,0.0,266.37,0.9474,PRODUCTIVE,synthetic,generator
demo_productive_02,1780009030.0,1780009210.0,13.0,13.0,0.0,1.0,2.0,1.0,0.0,0.0,0.2222,2.0,1.0,0.0,296.37,0.9474,PRODUCTIVE,synthetic,generator
demo_productive_02,1780009060.0,1780009240.0,12.0,12.0,0.0,1.0,2.0,1.0,0.0,0.0,0.2222,3.0,1.0,0.0,326.37,0.9474,PRODUCTIVE,synthetic,generator
demo_productive_02,1780009090.0,1780009270.0,11.0,11.0,0.0,1.0,1.0,1.0,0.0,0.0,0.2778,2.0,1.0,0.0,356.37,0.9333,PRODUCTIVE,synthetic,generator
demo_productive_02,1780009120.0,1780009300.0,11.0,11.0,0.0,1.0,1.0,1.0,0.0,0.0,0.2222,3.0,1.0,0.0,386.37,0.9375,PRODUCTIVE,synthetic,generator
demo_productive_02,1780009150.0,1780009330.0,12.0,12.0,0.0,1.0,2.0,1.0,0.0,0.0,0.1667,2.0,0.0,0.0,416.37,1.0,PRODUCTIVE,synthetic,generator
demo_productive_02,1780009180.0,1780009360.0,13.0,13.0,0.0,1.0,2.0,1.0,0.0,0.0,0.1111,2.0,0.0,0.0,446.37,1.0,PRODUCTIVE,synthetic,generator
demo_productive_03,1780012960.0,1780013140.0,15.0,0.0,0.0,1.0,1.0,0.0,1.0,0.0,0.1667,3.0,0.0,0.0,180.0,0.9048,PRODUCTIVE,synthetic,generator
demo_productive_03,1780012990.0,1780013170.0,15.0,0.0,0.0,1.0,2.0,0.5,1.0,111.98,0.1667,3.0,0.0,0.0,180.0,0.9545,PRODUCTIVE,synthetic,generator
demo_productive_03,1780013020.0,1780013200.0,15.0,0.0,0.0,1.0,2.0,0.5,1.0,111.98,0.1667,3.0,0.0,0.0,180.0,0.9091,PRODUCTIVE,synthetic,generator
demo_productive_03,1780013050.0,1780013230.0,15.0,0.0,0.0,1.0,1.0,1.0,0.0,0.0,0.1667,3.0,0.0,0.0,180.0,0.9,PRODUCTIVE,synthetic,generator
demo_productive_03,1780013080.0,1780013260.0,14.0,0.0,0.0,1.0,1.0,1.0,0.0,0.0,0.1667,2.0,0.0,0.0,180.0,0.8889,PRODUCTIVE,synthetic,generator
demo_productive_03,1780013110.0,1780013290.0,14.0,0.0,0.0,1.0,1.0,1.0,0.0,0.0,0.1667,3.0,0.0,0.0,180.0,0.8947,PRODUCTIVE,synthetic,generator
demo_productive_03,1780013140.0,1780013320.0,14.0,0.0,0.0,1.0,2.0,1.0,0.0,0.0,0.1667,3.0,0.0,0.0,180.0,0.9524,PRODUCTIVE,synthetic,generator
demo_productive_03,1780013170.0,1780013350.0,14.0,0.0,0.0,1.0,1.0,1.0,0.0,0.0,0.2222,3.0,0.0,0.0,180.0,0.9474,PRODUCTIVE,synthetic,generator
demo_productive_03,1780013200.0,1780013380.0,14.0,0.0,0.0,1.0,1.0,1.0,0.0,0.0,0.2222,3.0,0.0,0.0,180.0,0.9474,PRODUCTIVE,synthetic,generator
demo_productive_03,1780013230.0,1780013410.0,14.0,0.0,0.0,1.0,2.0,0.5,1.0,0.0,0.2222,3.0,0.0,0.0,180.0,0.9524,PRODUCTIVE,synthetic,generator
demo_productive_03,1780013260.0,1780013440.0,14.0,0.0,0.0,1.0,2.0,0.5,1.0,0.0,0.2778,4.0,0.0,0.0,180.0,0.9091,PRODUCTIVE,synthetic,generator
demo_productive_03,1780013290.0,1780013470.0,14.0,0.0,0.0,1.0,2.0,0.5,1.0,0.0,0.2778,3.0,0.0,0.0,180.0,0.9048,PRODUCTIVE,synthetic,generator
demo_productive_03,1780013320.0,1780013500.0,13.0,0.0,13.0,1.0,1.0,0.0,1.0,0.0,0.2778,2.0,0.0,1.0,0.17,0.8333,PRODUCTIVE,synthetic,generator
demo_productive_03,1780013350.0,1780013530.0,14.0,3.0,11.0,0.7857,1.0,0.0,1.0,0.0,0.2222,3.0,0.0,1.0,30.17,0.65,PRODUCTIVE,synthetic,generator
demo_productive_03,1780013380.0,1780013560.0,13.0,5.0,8.0,0.6154,2.0,0.5,1.0,156.83,0.2778,3.0,1.0,1.0,60.17,0.5238,PRODUCTIVE,synthetic,generator
demo_productive_03,1780013410.0,1780013590.0,14.0,8.0,6.0,0.5714,1.0,1.0,0.0,0.0,0.2778,3.0,1.0,1.0,90.17,0.65,PRODUCTIVE,synthetic,generator
demo_productive_03,1780013440.0,1780013620.0,15.0,11.0,4.0,0.7333,1.0,1.0,0.0,0.0,0.1667,2.0,1.0,1.0,120.17,0.75,PRODUCTIVE,synthetic,generator
demo_productive_03,1780013470.0,1780013650.0,16.0,14.0,2.0,0.875,1.0,1.0,0.0,0.0,0.1667,3.0,2.0,1.0,150.17,0.8182,PRODUCTIVE,synthetic,generator
demo_productive_03,1780013500.0,1780013680.0,16.0,16.0,0.0,1.0,1.0,1.0,0.0,0.0,0.2222,3.0,2.0,0.0,180.17,0.9048,PRODUCTIVE,synthetic,generator
demo_productive_04,1780017280.0,1780017460.0,14.0,0.0,0.0,1.0,2.0,0.0,2.0,0.0,0.1111,2.0,0.0,0.0,180.0,0.9048,PRODUCTIVE,synthetic,generator
demo_productive_04,1780017310.0,1780017490.0,15.0,0.0,0.0,1.0,2.0,0.0,2.0,0.0,0.1111,3.0,0.0,0.0,180.0,0.9091,PRODUCTIVE,synthetic,generator
demo_productive_04,1780017340.0,1780017520.0,15.0,0.0,0.0,1.0,2.0,0.0,2.0,0.0,0.1111,2.0,0.0,0.0,180.0,0.9048,PRODUCTIVE,synthetic,generator
demo_productive_04,1780017370.0,1780017550.0,14.0,0.0,0.0,1.0,1.0,0.0,1.0,0.0,0.1667,2.0,0.0,0.0,180.0,0.8889,PRODUCTIVE,synthetic,generator
demo_productive_04,1780017400.0,1780017580.0,15.0,0.0,0.0,1.0,2.0,0.5,1.0,149.37,0.1111,2.0,0.0,0.0,180.0,0.9524,PRODUCTIVE,synthetic,generator
demo_productive_04,1780017430.0,1780017610.0,16.0,2.0,14.0,0.875,1.0,1.0,0.0,0.0,0.1111,2.0,1.0,1.0,17.47,0.8095,PRODUCTIVE,synthetic,generator
demo_productive_04,1780017460.0,1780017640.0,17.0,6.0,11.0,0.6471,1.0,1.0,0.0,0.0,0.1111,2.0,1.0,1.0,47.47,0.6364,PRODUCTIVE,synthetic,generator
demo_productive_04,1780017490.0,1780017670.0,17.0,8.0,9.0,0.5294,2.0,0.5,1.0,0.0,0.0556,2.0,2.0,1.0,77.47,0.5417,PRODUCTIVE,synthetic,generator
demo_productive_04,1780017520.0,1780017700.0,17.0,11.0,6.0,0.6471,2.0,0.5,1.0,0.0,0.0556,2.0,2.0,1.0,107.47,0.5833,PRODUCTIVE,synthetic,generator
demo_productive_04,1780017550.0,1780017730.0,17.0,13.0,4.0,0.7647,2.0,0.5,1.0,0.0,0.0556,2.0,2.0,1.0,137.47,0.6667,PRODUCTIVE,synthetic,generator
demo_productive_04,1780017580.0,1780017760.0,17.0,16.0,1.0,0.9412,1.0,0.0,1.0,0.0,0.1111,2.0,2.0,1.0,167.47,0.8636,PRODUCTIVE,synthetic,generator
demo_productive_04,1780017610.0,1780017790.0,17.0,17.0,0.0,1.0,1.0,0.0,1.0,0.0,0.1111,2.0,2.0,0.0,197.47,0.9048,PRODUCTIVE,synthetic,generator
demo_productive_04,1780017640.0,1780017820.0,15.0,15.0,0.0,1.0,2.0,0.5,1.0,146.74,0.1667,3.0,2.0,0.0,227.47,0.9091,PRODUCTIVE,synthetic,generator
demo_productive_04,1780017670.0,1780017850.0,16.0,16.0,0.0,1.0,1.0,1.0,0.0,0.0,0.2222,2.0,1.0,0.0,257.47,0.95,PRODUCTIVE,synthetic,generator
demo_productive_04,1780017700.0,1780017880.0,16.0,16.0,0.0,1.0,1.0,1.0,0.0,0.0,0.2222,3.0,2.0,0.0,287.47,0.9048,PRODUCTIVE,synthetic,generator
demo_productive_04,1780017730.0,1780017910.0,16.0,16.0,0.0,1.0,1.0,1.0,0.0,0.0,0.2222,3.0,2.0,0.0,317.47,0.9048,PRODUCTIVE,synthetic,generator
demo_productive_04,1780017760.0,1780017940.0,16.0,16.0,0.0,1.0,1.0,1.0,0.0,0.0,0.1667,3.0,2.0,0.0,347.47,0.9091,PRODUCTIVE,synthetic,generator
demo_productive_04,1780017790.0,1780017970.0,15.0,15.0,0.0,1.0,2.0,1.0,0.0,0.0,0.2222,4.0,3.0,0.0,377.47,0.8696,PRODUCTIVE,synthetic,generator
demo_productive_04,1780017820.0,1780018000.0,16.0,16.0,0.0,1.0,1.0,1.0,0.0,0.0,0.1667,3.0,3.0,0.0,407.47,0.8571,PRODUCTIVE,synthetic,generator
demo_productive_05,1780021600.0,1780021780.0,17.0,0.0,0.0,1.0,1.0,1.0,0.0,0.0,0.1111,2.0,0.0,0.0,180.0,0.9091,PRODUCTIVE,synthetic,generator
demo_productive_05,1780021630.0,1780021810.0,20.0,0.0,0.0,1.0,1.0,1.0,0.0,0.0,0.0556,2.0,0.0,0.0,180.0,0.9583,PRODUCTIVE,synthetic,generator
demo_productive_05,1780021660.0,1780021840.0,18.0,0.0,0.0,1.0,1.0,1.0,0.0,0.0,0.1111,2.0,0.0,0.0,180.0,0.9545,PRODUCTIVE,synthetic,generator
demo_productive_05,1780021690.0,1780021870.0,19.0,0.0,0.0,1.0,1.0,1.0,0.0,0.0,0.1111,2.0,0.0,0.0,180.0,0.9565,PRODUCTIVE,synthetic,generator
demo_productive_05,1780021720.0,1780021900.0,20.0,0.0,0.0,1.0,2.0,0.5,1.0,0.0,0.1111,2.0,0.0,0.0,180.0,0.96,PRODUCTIVE,synthetic,generator
demo_productive_05,1780021750.0,1780021930.0,18.0,0.0,0.0,1.0,1.0,0.0,1.0,0.0,0.1667,2.0,0.0,0.0,180.0,0.9545,PRODUCTIVE,synthetic,generator
demo_productive_05,1780021780.0,1780021960.0,19.0,0.0,0.0,1.0,1.0,0.0,1.0,0.0,0.1111,2.0,0.0,0.0,180.0,1.0,PRODUCTIVE,synthetic,generator
demo_productive_05,1780021810.0,1780021990.0,18.0,0.0,0.0,1.0,1.0,0.0,1.0,0.0,0.1111,2.0,0.0,0.0,180.0,1.0,PRODUCTIVE,synthetic,generator
demo_productive_05,1780021840.0,1780022020.0,19.0,19.0,0.0,1.0,1.0,0.0,1.0,0.0,0.0556,2.0,0.0,2.0,8.05,0.96,PRODUCTIVE,synthetic,generator
demo_productive_05,1780021870.0,1780022050.0,19.0,19.0,0.0,1.0,1.0,0.0,1.0,0.0,0.0556,2.0,1.0,2.0,38.05,0.92,PRODUCTIVE,synthetic,generator
demo_productive_05,1780021900.0,1780022080.0,18.0,18.0,0.0,1.0,1.0,1.0,0.0,0.0,0.0556,2.0,1.0,2.0,68.05,0.9167,PRODUCTIVE,synthetic,generator
demo_productive_05,1780021930.0,1780022110.0,20.0,20.0,0.0,1.0,1.0,1.0,0.0,0.0,0.0,3.0,2.0,2.0,98.05,0.8889,PRODUCTIVE,synthetic,generator
demo_productive_05,1780021960.0,1780022140.0,20.0,20.0,0.0,1.0,1.0,1.0,0.0,0.0,0.0,2.0,2.0,2.0,128.05,0.8846,PRODUCTIVE,synthetic,generator
demo_productive_05,1780021990.0,1780022170.0,20.0,20.0,0.0,1.0,1.0,1.0,0.0,0.0,0.0556,2.0,2.0,2.0,158.05,0.8846,PRODUCTIVE,synthetic,generator
demo_productive_05,1780022020.0,1780022200.0,20.0,20.0,0.0,1.0,2.0,1.0,0.0,0.0,0.0556,3.0,2.0,0.0,188.05,0.9259,PRODUCTIVE,synthetic,generator
demo_productive_05,1780022050.0,1780022230.0,19.0,19.0,0.0,1.0,2.0,1.0,0.0,0.0,0.0556,3.0,2.0,0.0,218.05,0.9231,PRODUCTIVE,synthetic,generator
demo_productive_05,1780022080.0,1780022260.0,19.0,19.0,0.0,1.0,1.0,1.0,0.0,0.0,0.0556,3.0,2.0,0.0,248.05,0.9167,PRODUCTIVE,synthetic,generator
demo_productive_05,1780022110.0,1780022290.0,18.0,18.0,0.0,1.0,1.0,1.0,0.0,0.0,0.0556,2.0,1.0,0.0,278.05,0.9545,PRODUCTIVE,synthetic,generator
demo_productive_05,1780022140.0,1780022320.0,18.0,18.0,0.0,1.0,1.0,1.0,0.0,0.0,0.0556,3.0,1.0,0.0,308.05,0.9565,PRODUCTIVE,synthetic,generator
demo_productive_06,1780025920.0,1780026100.0,13.0,0.0,0.0,1.0,1.0,1.0,0.0,0.0,0.1667,1.0,0.0,0.0,180.0,0.8824,PRODUCTIVE,synthetic,generator
demo_productive_06,1780025950.0,1780026130.0,14.0,0.0,0.0,1.0,1.0,1.0,0.0,0.0,0.1667,2.0,0.0,0.0,180.0,0.8889,PRODUCTIVE,synthetic,generator
demo_productive_06,1780025980.0,1780026160.0,16.0,0.0,0.0,1.0,1.0,1.0,0.0,0.0,0.0556,2.0,0.0,0.0,180.0,0.9,PRODUCTIVE,synthetic,generator
demo_productive_06,1780026010.0,1780026190.0,16.0,0.0,0.0,1.0,1.0,1.0,0.0,0.0,0.1111,1.0,0.0,0.0,180.0,0.9474,PRODUCTIVE,synthetic,generator
demo_productive_06,1780026040.0,1780026220.0,15.0,0.0,15.0,1.0,2.0,1.0,0.0,0.0,0.1111,1.0,0.0,1.0,12.07,0.8095,PRODUCTIVE,synthetic,generator
demo_productive_06,1780026070.0,1780026250.0,15.0,3.0,12.0,0.8,1.0,1.0,0.0,0.0,0.1111,2.0,0.0,1.0,42.07,0.6,PRODUCTIVE,synthetic,generator
demo_productive_06,1780026100.0,1780026280.0,16.0,6.0,10.0,0.625,1.0,1.0,0.0,0.0,0.0556,2.0,0.0,1.0,72.07,0.5238,PRODUCTIVE,synthetic,generator
demo_productive_06,1780026130.0,1780026310.0,16.0,9.0,7.0,0.5625,2.0,0.5,1.0,0.0,0.0556,1.0,0.0,1.0,102.07,0.6818,PRODUCTIVE,synthetic,generator
demo_productive_06,1780026160.0,1780026340.0,15.0,11.0,4.0,0.7333,2.0,0.5,1.0,0.0,0.0556,2.0,1.0,1.0,132.07,0.7727,PRODUCTIVE,synthetic,generator
demo_productive_06,1780026190.0,1780026370.0,16.0,14.0,2.0,0.875,2.0,0.5,1.0,0.0,0.0,3.0,2.0,1.0,162.07,0.8333,PRODUCTIVE,synthetic,generator
demo_productive_06,1780026220.0,1780026400.0,16.0,16.0,0.0,1.0,2.0,0.5,1.0,80.68,0.0,3.0,2.0,0.0,192.07,0.913,PRODUCTIVE,synthetic,generator
demo_productive_06,1780026250.0,1780026430.0,15.0,15.0,0.0,1.0,2.0,0.5,1.0,80.68,0.0556,2.0,2.0,0.0,222.07,0.9048,PRODUCTIVE,synthetic,generator
demo_productive_06,1780026280.0,1780026460.0,15.0,15.0,0.0,1.0,2.0,0.5,1.0,80.68,0.1111,2.0,2.0,0.0,252.07,0.9048,PRODUCTIVE,synthetic,generator
demo_productive_06,1780026310.0,1780026490.0,15.0,15.0,0.0,1.0,2.0,1.0,0.0,0.0,0.1111,3.0,3.0,0.0,282.07,0.8636,PRODUCTIVE,synthetic,generator
demo_productive_06,1780026340.0,1780026520.0,15.0,15.0,0.0,1.0,2.0,1.0,0.0,0.0,0.1667,2.0,2.0,0.0,312.07,0.9048,PRODUCTIVE,synthetic,generator
demo_productive_06,1780026370.0,1780026550.0,14.0,14.0,0.0,1.0,2.0,1.0,0.0,0.0,0.2222,1.0,1.0,0.0,342.07,0.9474,PRODUCTIVE,synthetic,generator
demo_productive_06,1780026400.0,1780026580.0,15.0,15.0,0.0,1.0,1.0,1.0,0.0,0.0,0.2778,2.0,2.0,0.0,372.07,0.8947,PRODUCTIVE,synthetic,generator
demo_productive_06,1780026430.0,1780026610.0,15.0,15.0,0.0,1.0,1.0,1.0,0.0,0.0,0.2778,2.0,2.0,0.0,402.07,0.8947,PRODUCTIVE,synthetic,generator
demo_productive_06,1780026460.0,1780026640.0,14.0,14.0,0.0,1.0,2.0,1.0,0.0,0.0,0.2778,3.0,3.0,0.0,432.07,0.8571,PRODUCTIVE,synthetic,generator
demo_productive_07,1780030240.0,1780030420.0,14.0,0.0,0.0,1.0,1.0,1.0,0.0,0.0,0.1667,3.0,0.0,0.0,180.0,0.8,PRODUCTIVE,synthetic,generator
demo_productive_07,1780030270.0,1780030450.0,14.0,0.0,0.0,1.0,1.0,1.0,0.0,0.0,0.2222,4.0,0.0,0.0,180.0,0.8,PRODUCTIVE,synthetic,generator
demo_productive_07,1780030300.0,1780030480.0,14.0,0.0,0.0,1.0,1.0,1.0,0.0,0.0,0.2778,3.0,0.0,0.0,180.0,0.8421,PRODUCTIVE,synthetic,generator
demo_productive_07,1780030330.0,1780030510.0,13.0,0.0,0.0,1.0,2.0,1.0,0.0,0.0,0.2222,3.0,0.0,0.0,180.0,0.85,PRODUCTIVE,synthetic,generator
demo_productive_07,1780030360.0,1780030540.0,14.0,0.0,0.0,1.0,1.0,1.0,0.0,0.0,0.1667,3.0,0.0,0.0,180.0,0.8421,PRODUCTIVE,synthetic,generator
demo_productive_07,1780030390.0,1780030570.0,14.0,0.0,0.0,1.0,1.0,1.0,0.0,0.0,0.1111,3.0,0.0,0.0,180.0,0.8421,PRODUCTIVE,synthetic,generator
demo_productive_07,1780030420.0,1780030600.0,14.0,0.0,0.0,1.0,1.0,1.0,0.0,0.0,0.1111,3.0,0.0,0.0,180.0,0.8421,PRODUCTIVE,synthetic,generator
demo_productive_07,1780030450.0,1780030630.0,14.0,2.0,12.0,0.8571,1.0,1.0,0.0,0.0,0.0556,3.0,0.0,1.0,29.37,0.7,PRODUCTIVE,synthetic,generator
demo_productive_07,1780030480.0,1780030660.0,14.0,4.0,10.0,0.7143,1.0,1.0,0.0,0.0,0.0556,4.0,1.0,1.0,59.37,0.619,PRODUCTIVE,synthetic,generator
demo_productive_07,1780030510.0,1780030690.0,15.0,7.0,8.0,0.5333,0.0,0.5,0.0,0.0,0.0556,3.0,1.0,1.0,89.37,0.55,PRODUCTIVE,synthetic,generator
demo_productive_07,1780030540.0,1780030720.0,15.0,10.0,5.0,0.6667,1.0,1.0,0.0,0.0,0.0556,4.0,2.0,1.0,119.37,0.6818,PRODUCTIVE,synthetic,generator
demo_productive_07,1780030570.0,1780030750.0,16.0,13.0,3.0,0.8125,1.0,1.0,0.0,0.0,0.0556,3.0,2.0,1.0,149.37,0.7727,PRODUCTIVE,synthetic,generator
demo_productive_07,1780030600.0,1780030780.0,15.0,15.0,0.0,1.0,1.0,1.0,0.0,0.0,0.1111,3.0,2.0,1.0,179.37,0.9048,PRODUCTIVE,synthetic,generator
demo_productive_07,1780030630.0,1780030810.0,16.0,16.0,0.0,1.0,1.0,1.0,0.0,0.0,0.1111,3.0,2.0,0.0,209.37,0.9048,PRODUCTIVE,synthetic,generator
demo_productive_07,1780030660.0,1780030840.0,16.0,16.0,0.0,1.0,1.0,1.0,0.0,0.0,0.0556,3.0,2.0,0.0,239.37,0.9048,PRODUCTIVE,synthetic,generator
demo_productive_07,1780030690.0,1780030870.0,14.0,14.0,0.0,1.0,2.0,1.0,0.0,0.0,0.0556,4.0,3.0,0.0,269.37,0.8571,PRODUCTIVE,synthetic,generator
demo_productive_07,1780030720.0,1780030900.0,14.0,14.0,0.0,1.0,1.0,1.0,0.0,0.0,0.0556,3.0,2.0,0.0,299.37,0.8947,PRODUCTIVE,synthetic,generator
demo_productive_07,1780030750.0,1780030930.0,13.0,13.0,0.0,1.0,1.0,1.0,0.0,0.0,0.0556,4.0,3.0,0.0,329.37,0.8421,PRODUCTIVE,synthetic,generator
demo_productive_07,1780030780.0,1780030960.0,13.0,13.0,0.0,1.0,1.0,1.0,0.0,0.0,0.0,4.0,3.0,0.0,359.37,0.85,PRODUCTIVE,synthetic,generator
demo_productive_07,1780030810.0,1780030990.0,10.0,10.0,0.0,1.0,2.0,0.5,1.0,0.0,0.1111,3.0,3.0,0.0,389.37,0.8235,PRODUCTIVE,synthetic,generator
demo_productive_08,1780034560.0,1780034740.0,13.0,0.0,0.0,1.0,1.0,1.0,0.0,0.0,0.2222,3.0,0.0,0.0,180.0,0.9474,PRODUCTIVE,synthetic,generator
demo_productive_08,1780034590.0,1780034770.0,13.0,0.0,0.0,1.0,2.0,1.0,0.0,0.0,0.1667,3.0,0.0,0.0,180.0,1.0,PRODUCTIVE,synthetic,generator
demo_productive_08,1780034620.0,1780034800.0,13.0,0.0,0.0,1.0,2.0,1.0,0.0,0.0,0.1111,3.0,0.0,0.0,180.0,0.95,PRODUCTIVE,synthetic,generator
demo_productive_08,1780034650.0,1780034830.0,12.0,0.0,0.0,1.0,3.0,1.0,0.0,0.0,0.1667,3.0,0.0,0.0,180.0,0.9524,PRODUCTIVE,synthetic,generator
demo_productive_08,1780034680.0,1780034860.0,13.0,0.0,0.0,1.0,2.0,1.0,0.0,0.0,0.1667,3.0,0.0,0.0,180.0,0.95,PRODUCTIVE,synthetic,generator
demo_productive_08,1780034710.0,1780034890.0,13.0,0.0,0.0,1.0,2.0,1.0,0.0,0.0,0.2222,2.0,0.0,0.0,180.0,0.9474,PRODUCTIVE,synthetic,generator
demo_productive_08,1780034740.0,1780034920.0,12.0,0.0,0.0,1.0,2.0,1.0,0.0,0.0,0.1667,3.0,0.0,0.0,180.0,0.9,PRODUCTIVE,synthetic,generator
demo_productive_08,1780034770.0,1780034950.0,12.0,0.0,0.0,1.0,2.0,0.5,1.0,0.0,0.2222,4.0,0.0,0.0,180.0,0.85,PRODUCTIVE,synthetic,generator
demo_productive_08,1780034800.0,1780034980.0,12.0,0.0,0.0,1.0,2.0,0.5,1.0,0.0,0.2778,3.0,0.0,0.0,180.0,0.8947,PRODUCTIVE,synthetic,generator
demo_productive_08,1780034830.0,1780035010.0,12.0,0.0,0.0,1.0,1.0,0.0,1.0,0.0,0.2778,3.0,0.0,0.0,180.0,0.8824,PRODUCTIVE,synthetic,generator
demo_productive_08,1780034860.0,1780035040.0,11.0,0.0,0.0,1.0,1.0,0.0,1.0,0.0,0.2778,3.0,0.0,0.0,180.0,0.8125,PRODUCTIVE,synthetic,generator
demo_productive_08,1780034890.0,1780035070.0,11.0,0.0,11.0,1.0,2.0,0.0,2.0,0.0,0.2222,4.0,1.0,1.0,10.71,0.8,PRODUCTIVE,synthetic,generator
demo_productive_08,1780034920.0,1780035100.0,12.0,2.0,10.0,0.8333,2.0,0.0,2.0,0.0,0.2778,3.0,1.0,1.0,40.71,0.7368,PRODUCTIVE,synthetic,generator
demo_productive_08,1780034950.0,1780035130.0,12.0,4.0,8.0,0.6667,2.0,0.5,1.0,79.79,0.2778,2.0,1.0,1.0,70.71,0.5789,PRODUCTIVE,synthetic,generator
demo_productive_08,1780034980.0,1780035160.0,12.0,6.0,6.0,0.5,2.0,0.5,1.0,79.79,0.2778,3.0,1.0,1.0,100.71,0.55,PRODUCTIVE,synthetic,generator
demo_productive_08,1780035010.0,1780035190.0,12.0,8.0,4.0,0.6667,2.0,0.5,1.0,79.79,0.2778,3.0,1.0,1.0,130.71,0.65,PRODUCTIVE,synthetic,generator
demo_productive_08,1780035040.0,1780035220.0,12.0,10.0,2.0,0.8333,2.0,0.5,1.0,79.79,0.2778,3.0,2.0,1.0,160.71,0.7,PRODUCTIVE,synthetic,generator
demo_productive_08,1780035070.0,1780035250.0,12.0,12.0,0.0,1.0,1.0,1.0,0.0,0.0,0.3333,2.0,1.0,0.0,190.71,0.9375,PRODUCTIVE,synthetic,generator
demo_productive_08,1780035100.0,1780035280.0,11.0,11.0,0.0,1.0,2.0,0.5,1.0,0.0,0.3889,2.0,1.0,0.0,220.71,0.9412,PRODUCTIVE,synthetic,generator
demo_productive_09,1780038880.0,1780039060.0,12.0,0.0,0.0,1.0,1.0,0.0,1.0,0.0,0.3333,3.0,0.0,0.0,180.0,0.7778,PRODUCTIVE,synthetic,generator
demo_productive_09,1780038910.0,1780039090.0,13.0,0.0,0.0,1.0,1.0,0.0,1.0,0.0,0.3333,4.0,0.0,0.0,180.0,0.7895,PRODUCTIVE,synthetic,generator
demo_productive_09,1780038940.0,1780039120.0,12.0,1.0,11.0,0.9167,1.0,0.0,1.0,0.0,0.4444,3.0,0.0,1.0,16.91,0.7222,PRODUCTIVE,synthetic,generator
demo_productive_09,1780038970.0,1780039150.0,12.0,3.0,9.0,0.75,2.0,0.5,1.0,142.47,0.3889,4.0,1.0,1.0,46.91,0.5714,PRODUCTIVE,synthetic,generator
demo_productive_09,1780039000.0,1780039180.0,13.0,6.0,7.0,0.5385,1.0,1.0,0.0,0.0,0.3333,3.0,1.0,1.0,76.91,0.5789,PRODUCTIVE,synthetic,generator
demo_productive_09,1780039030.0,1780039210.0,13.0,8.0,5.0,0.6154,1.0,1.0,0.0,0.0,0.3333,3.0,2.0,1.0,106.91,0.6316,PRODUCTIVE,synthetic,generator
demo_productive_09,1780039060.0,1780039240.0,12.0,9.0,3.0,0.75,1.0,1.0,0.0,0.0,0.3333,3.0,2.0,1.0,136.91,0.7222,PRODUCTIVE,synthetic,generator
demo_productive_09,1780039090.0,1780039270.0,14.0,13.0,1.0,0.9286,1.0,1.0,0.0,0.0,0.2778,3.0,3.0,1.0,166.91,0.8,PRODUCTIVE,synthetic,generator
demo_productive_09,1780039120.0,1780039300.0,14.0,1.0,13.0,0.9286,2.0,1.0,0.0,0.0,0.2222,3.0,0.0,1.0,7.09,0.7727,PRODUCTIVE,synthetic,generator
demo_productive_09,1780039150.0,1780039330.0,14.0,3.0,11.0,0.7857,1.0,1.0,0.0,0.0,0.2778,3.0,1.0,1.0,37.09,0.7,PRODUCTIVE,synthetic,generator
demo_productive_09,1780039180.0,1780039360.0,13.0,5.0,8.0,0.6154,1.0,1.0,0.0,0.0,0.3333,3.0,1.0,1.0,67.09,0.5789,PRODUCTIVE,synthetic,generator
demo_productive_09,1780039210.0,1780039390.0,13.0,7.0,6.0,0.5385,1.0,1.0,0.0,0.0,0.2778,3.0,1.0,1.0,97.09,0.5263,PRODUCTIVE,synthetic,generator
demo_productive_09,1780039240.0,1780039420.0,14.0,9.0,5.0,0.6429,2.0,1.0,0.0,0.0,0.1667,4.0,2.0,1.0,127.09,0.6087,PRODUCTIVE,synthetic,generator
demo_productive_09,1780039270.0,1780039450.0,12.0,11.0,1.0,0.9167,2.0,1.0,0.0,0.0,0.2222,4.0,3.0,1.0,157.09,0.7143,PRODUCTIVE,synthetic,generator
demo_productive_09,1780039300.0,1780039480.0,12.0,12.0,0.0,1.0,1.0,1.0,0.0,0.0,0.2222,4.0,3.0,0.0,187.09,0.8333,PRODUCTIVE,synthetic,generator
demo_productive_09,1780039330.0,1780039510.0,12.0,12.0,0.0,1.0,1.0,1.0,0.0,0.0,0.2222,4.0,3.0,0.0,217.09,0.8333,PRODUCTIVE,synthetic,generator
demo_productive_09,1780039360.0,1780039540.0,13.0,13.0,0.0,1.0,1.0,1.0,0.0,0.0,0.1667,4.0,3.0,0.0,247.09,0.8421,PRODUCTIVE,synthetic,generator
demo_productive_09,1780039390.0,1780039570.0,13.0,13.0,0.0,1.0,2.0,1.0,0.0,0.0,0.1667,4.0,4.0,0.0,277.09,0.8095,PRODUCTIVE,synthetic,generator
demo_productive_09,1780039420.0,1780039600.0,13.0,13.0,0.0,1.0,1.0,1.0,0.0,0.0,0.2222,3.0,3.0,0.0,307.09,0.8333,PRODUCTIVE,synthetic,generator
demo_productive_10,1780043200.0,1780043380.0,13.0,0.0,0.0,1.0,1.0,1.0,0.0,0.0,0.1667,3.0,0.0,0.0,180.0,0.8947,PRODUCTIVE,synthetic,generator
demo_productive_10,1780043230.0,1780043410.0,13.0,0.0,0.0,1.0,1.0,1.0,0.0,0.0,0.2222,3.0,0.0,0.0,180.0,0.9444,PRODUCTIVE,synthetic,generator
demo_productive_10,1780043260.0,1780043440.0,12.0,0.0,0.0,1.0,2.0,0.5,1.0,0.0,0.1667,3.0,0.0,0.0,180.0,0.8947,PRODUCTIVE,synthetic,generator
demo_productive_10,1780043290.0,1780043470.0,11.0,0.0,0.0,1.0,2.0,0.5,1.0,0.0,0.2222,3.0,0.0,0.0,180.0,0.8889,PRODUCTIVE,synthetic,generator
demo_productive_10,1780043320.0,1780043500.0,11.0,0.0,0.0,1.0,1.0,0.0,1.0,0.0,0.2778,2.0,0.0,0.0,180.0,0.9333,PRODUCTIVE,synthetic,generator
demo_productive_10,1780043350.0,1780043530.0,11.0,0.0,0.0,1.0,1.0,0.0,1.0,0.0,0.2778,2.0,0.0,0.0,180.0,0.9333,PRODUCTIVE,synthetic,generator
demo_productive_10,1780043380.0,1780043560.0,11.0,0.0,0.0,1.0,1.0,0.0,1.0,0.0,0.2778,3.0,0.0,0.0,180.0,0.9375,PRODUCTIVE,synthetic,generator
demo_productive_10,1780043410.0,1780043590.0,10.0,0.0,0.0,1.0,1.0,0.0,1.0,0.0,0.2778,4.0,0.0,0.0,180.0,0.9375,PRODUCTIVE,synthetic,generator
demo_productive_10,1780043440.0,1780043620.0,11.0,0.0,0.0,1.0,1.0,1.0,0.0,0.0,0.2778,3.0,0.0,0.0,180.0,1.0,PRODUCTIVE,synthetic,generator
demo_productive_10,1780043470.0,1780043650.0,12.0,0.0,0.0,1.0,1.0,1.0,0.0,0.0,0.2222,3.0,0.0,0.0,180.0,1.0,PRODUCTIVE,synthetic,generator
demo_productive_10,1780043500.0,1780043680.0,11.0,1.0,10.0,0.9091,1.0,1.0,0.0,0.0,0.2222,4.0,3.0,1.0,18.1,0.8333,PRODUCTIVE,synthetic,generator
demo_productive_10,1780043530.0,1780043710.0,12.0,4.0,8.0,0.6667,1.0,1.0,0.0,0.0,0.1667,4.0,2.0,1.0,48.1,0.6316,PRODUCTIVE,synthetic,generator
demo_productive_10,1780043560.0,1780043740.0,12.0,6.0,6.0,0.5,1.0,1.0,0.0,0.0,0.1667,4.0,2.0,1.0,78.1,0.5263,PRODUCTIVE,synthetic,generator
demo_productive_10,1780043590.0,1780043770.0,12.0,7.0,5.0,0.5833,2.0,0.5,1.0,0.0,0.1667,3.0,1.0,1.0,108.1,0.6,PRODUCTIVE,synthetic,generator
demo_productive_10,1780043620.0,1780043800.0,12.0,9.0,3.0,0.75,1.0,0.0,1.0,0.0,0.2222,3.0,1.0,1.0,138.1,0.7778,PRODUCTIVE,synthetic,generator
demo_productive_10,1780043650.0,1780043830.0,11.0,11.0,0.0,1.0,1.0,0.0,1.0,0.0,0.2778,4.0,2.0,1.0,168.1,0.8889,PRODUCTIVE,synthetic,generator
demo_productive_10,1780043680.0,1780043860.0,12.0,12.0,0.0,1.0,1.0,0.0,1.0,0.0,0.2778,3.0,2.0,0.0,198.1,0.8824,PRODUCTIVE,synthetic,generator
demo_productive_10,1780043710.0,1780043890.0,11.0,11.0,0.0,1.0,2.0,0.5,1.0,118.44,0.3333,3.0,3.0,0.0,228.1,0.8333,PRODUCTIVE,synthetic,generator
demo_productive_10,1780043740.0,1780043920.0,12.0,12.0,0.0,1.0,2.0,0.5,1.0,118.44,0.3333,3.0,2.0,0.0,258.1,0.8947,PRODUCTIVE,synthetic,generator
demo_productive_11,1780047520.0,1780047700.0,15.0,0.0,0.0,1.0,1.0,0.0,1.0,0.0,0.1667,4.0,0.0,0.0,180.0,0.8636,PRODUCTIVE,synthetic,generator
demo_productive_11,1780047550.0,1780047730.0,17.0,0.0,0.0,1.0,2.0,0.5,1.0,63.27,0.1111,5.0,0.0,0.0,180.0,0.9231,PRODUCTIVE,synthetic,generator
demo_productive_11,1780047580.0,1780047760.0,17.0,0.0,0.0,1.0,2.0,0.5,1.0,63.27,0.1111,5.0,0.0,0.0,180.0,0.8846,PRODUCTIVE,synthetic,generator
demo_productive_11,1780047610.0,1780047790.0,18.0,0.0,0.0,1.0,3.0,0.3333,1.0,63.27,0.1111,4.0,0.0,0.0,180.0,0.9286,PRODUCTIVE,synthetic,generator
demo_productive_11,1780047640.0,1780047820.0,18.0,0.0,0.0,1.0,3.0,0.3333,1.0,63.27,0.1111,3.0,0.0,0.0,180.0,0.9259,PRODUCTIVE,synthetic,generator
demo_productive_11,1780047670.0,1780047850.0,17.0,1.0,16.0,0.9412,2.0,0.5,1.0,0.0,0.1111,4.0,1.0,1.0,7.12,0.8077,PRODUCTIVE,synthetic,generator
demo_productive_11,1780047700.0,1780047880.0,17.0,3.0,14.0,0.8235,3.0,0.6667,1.0,103.87,0.1111,3.0,1.0,1.0,37.12,0.7037,PRODUCTIVE,synthetic,generator
demo_productive_11,1780047730.0,1780047910.0,17.0,12.0,5.0,0.7059,2.0,0.5,1.0,103.87,0.1111,3.0,2.0,2.0,14.93,0.6154,PRODUCTIVE,synthetic,generator
demo_productive_11,1780047760.0,1780047940.0,17.0,12.0,5.0,0.7059,2.0,0.5,1.0,103.87,0.1111,2.0,1.0,2.0,44.93,0.64,PRODUCTIVE,synthetic,generator
demo_productive_11,1780047790.0,1780047970.0,15.0,10.0,5.0,0.6667,2.0,0.5,1.0,0.0,0.1111,3.0,1.0,2.0,74.93,0.625,PRODUCTIVE,synthetic,generator
demo_productive_11,1780047820.0,1780048000.0,16.0,11.0,5.0,0.6875,2.0,0.5,1.0,0.0,0.0556,4.0,2.0,2.0,104.93,0.6154,PRODUCTIVE,synthetic,generator
demo_productive_11,1780047850.0,1780048030.0,16.0,12.0,4.0,0.75,2.0,0.5,1.0,0.0,0.0556,3.0,1.0,1.0,134.93,0.7083,PRODUCTIVE,synthetic,generator
demo_productive_11,1780047880.0,1780048060.0,16.0,14.0,2.0,0.875,1.0,0.0,1.0,0.0,0.0556,4.0,1.0,1.0,164.93,0.8696,PRODUCTIVE,synthetic,generator
demo_productive_11,1780047910.0,1780048090.0,16.0,16.0,0.0,1.0,2.0,0.5,1.0,119.52,0.0556,3.0,1.0,0.0,194.93,0.9565,PRODUCTIVE,synthetic,generator
demo_productive_11,1780047940.0,1780048120.0,16.0,16.0,0.0,1.0,2.0,0.5,1.0,119.52,0.0556,4.0,1.0,0.0,224.93,0.9583,PRODUCTIVE,synthetic,generator
demo_productive_11,1780047970.0,1780048150.0,17.0,17.0,0.0,1.0,1.0,1.0,0.0,0.0,0.0556,4.0,1.0,0.0,254.93,0.9565,PRODUCTIVE,synthetic,generator
demo_productive_11,1780048000.0,1780048180.0,17.0,17.0,0.0,1.0,1.0,1.0,0.0,0.0,0.0556,3.0,0.0,0.0,284.93,1.0,PRODUCTIVE,synthetic,generator
demo_productive_11,1780048030.0,1780048210.0,17.0,17.0,0.0,1.0,1.0,1.0,0.0,0.0,0.0556,4.0,0.0,0.0,314.93,1.0,PRODUCTIVE,synthetic,generator
demo_productive_11,1780048060.0,1780048240.0,18.0,18.0,0.0,1.0,2.0,1.0,0.0,0.0,0.0556,3.0,0.0,0.0,344.93,1.0,PRODUCTIVE,synthetic,generator
demo_driver_dominance_00,1780051840.0,1780052020.0,15.0,0.0,0.0,1.0,1.0,1.0,0.0,0.0,0.1667,1.0,0.0,0.0,180.0,0.9474,DRIVER_DOMINANCE,synthetic,generator
demo_driver_dominance_00,1780051870.0,1780052050.0,17.0,0.0,0.0,1.0,1.0,1.0,0.0,0.0,0.1667,1.0,0.0,0.0,180.0,1.0,DRIVER_DOMINANCE,synthetic,generator
demo_driver_dominance_00,1780051900.0,1780052080.0,17.0,0.0,0.0,1.0,1.0,1.0,0.0,0.0,0.1667,1.0,0.0,0.0,180.0,1.0,DRIVER_DOMINANCE,synthetic,generator
demo_driver_dominance_00,1780051930.0,1780052110.0,18.0,0.0,0.0,1.0,2.0,0.5,1.0,0.0,0.1111,1.0,0.0,0.0,180.0,1.0,DRIVER_DOMINANCE,synthetic,generator
demo_driver_dominance_00,1780051960.0,1780052140.0,17.0,0.0,0.0,1.0,1.0,0.0,1.0,0.0,0.1111,1.0,0.0,0.0,180.0,1.0,DRIVER_DOMINANCE,synthetic,generator
demo_driver_dominance_00,1780051990.0,1780052170.0,17.0,0.0,0.0,1.0,1.0,0.0,1.0,0.0,0.1111,1.0,0.0,0.0,180.0,1.0,DRIVER_DOMINANCE,synthetic,generator
demo_driver_dominance_00,1780052020.0,1780052200.0,18.0,0.0,0.0,1.0,1.0,0.0,1.0,0.0,0.1111,0.0,0.0,0.0,180.0,1.0,DRIVER_DOMINANCE,synthetic,generator
demo_driver_dominance_00,1780052050.0,1780052230.0,18.0,0.0,0.0,1.0,2.0,0.5,1.0,108.76,0.1111,0.0,0.0,0.0,180.0,1.0,DRIVER_DOMINANCE,synthetic,generator
demo_driver_dominance_00,1780052080.0,1780052260.0,19.0,0.0,0.0,1.0,2.0,0.5,1.0,108.76,0.1111,0.0,0.0,0.0,180.0,1.0,DRIVER_DOMINANCE,synthetic,generator
demo_driver_dominance_00,1780052110.0,1780052290.0,18.0,0.0,0.0,1.0,2.0,1.0,0.0,0.0,0.1111,0.0,0.0,0.0,180.0,1.0,DRIVER_DOMINANCE,synthetic,generator
demo_driver_dominance_00,1780052140.0,1780052320.0,18.0,0.0,0.0,1.0,2.0,1.0,0.0,0.0,0.1111,0.0,0.0,0.0,180.0,1.0,DRIVER_DOMINANCE,synthetic,generator
demo_driver_dominance_00,1780052170.0,1780052350.0,18.0,0.0,0.0,1.0,2.0,1.0,0.0,0.0,0.1111,0.0,0.0,0.0,180.0,1.0,DRIVER_DOMINANCE,synthetic,generator
demo_driver_dominance_00,1780052200.0,1780052380.0,19.0,0.0,0.0,1.0,3.0,1.0,0.0,0.0,0.1667,0.0,0.0,0.0,180.0,1.0,DRIVER_DOMINANCE,synthetic,generator
demo_driver_dominance_00,1780052230.0,1780052410.0,18.0,0.0,0.0,1.0,2.0,1.0,0.0,0.0,0.1667,0.0,0.0,0.0,180.0,1.0,DRIVER_DOMINANCE,synthetic,generator
demo_driver_dominance_00,1780052260.0,1780052440.0,18.0,0.0,0.0,1.0,2.0,1.0,0.0,0.0,0.1111,0.0,0.0,0.0,180.0,1.0,DRIVER_DOMINANCE,synthetic,generator
demo_driver_dominance_00,1780052290.0,1780052470.0,19.0,0.0,0.0,1.0,1.0,1.0,0.0,0.0,0.1111,0.0,0.0,0.0,180.0,1.0,DRIVER_DOMINANCE,synthetic,generator
demo_driver_dominance_00,1780052320.0,1780052500.0,19.0,0.0,0.0,1.0,1.0,1.0,0.0,0.0,0.1111,1.0,0.0,0.0,180.0,1.0,DRIVER_DOMINANCE,synthetic,generator
demo_driver_dominance_00,1780052350.0,1780052530.0,20.0,0.0,0.0,1.0,1.0,1.0,0.0,0.0,0.0556,1.0,0.0,0.0,180.0,1.0,DRIVER_DOMINANCE,synthetic,generator
demo_driver_dominance_00,1780052380.0,1780052560.0,18.0,0.0,0.0,1.0,1.0,1.0,0.0,0.0,0.0,1.0,0.0,0.0,180.0,1.0,DRIVER_DOMINANCE,synthetic,generator
demo_driver_dominance_01,1780056160.0,1780056340.0,15.0,0.0,0.0,1.0,0.0,0.5,0.0,0.0,0.1667,1.0,0.0,0.0,180.0,0.8824,DRIVER_DOMINANCE,synthetic,generator
demo_driver_dominance_01,1780056190.0,1780056370.0,15.0,0.0,0.0,1.0,1.0,0.0,1.0,0.0,0.2222,1.0,0.0,0.0,180.0,0.9444,DRIVER_DOMINANCE,synthetic,generator
demo_driver_dominance_01,1780056220.0,1780056400.0,16.0,0.0,0.0,1.0,1.0,0.0,1.0,0.0,0.2222,1.0,0.0,0.0,180.0,0.9474,DRIVER_DOMINANCE,synthetic,generator
demo_driver_dominance_01,1780056250.0,1780056430.0,15.0,0.0,0.0,1.0,1.0,0.0,1.0,0.0,0.2778,1.0,0.0,0.0,180.0,0.9444,DRIVER_DOMINANCE,synthetic,generator
demo_driver_dominance_01,1780056280.0,1780056460.0,14.0,0.0,0.0,1.0,1.0,0.0,1.0,0.0,0.3333,1.0,0.0,0.0,180.0,0.9412,DRIVER_DOMINANCE,synthetic,generator
demo_driver_dominance_01,1780056310.0,1780056490.0,15.0,0.0,0.0,1.0,1.0,0.0,1.0,0.0,0.2778,1.0,0.0,0.0,180.0,0.9444,DRIVER_DOMINANCE,synthetic,generator
demo_driver_dominance_01,1780056340.0,1780056520.0,15.0,0.0,0.0,1.0,1.0,0.0,1.0,0.0,0.2778,0.0,0.0,0.0,180.0,1.0,DRIVER_DOMINANCE,synthetic,generator
demo_driver_dominance_01,1780056370.0,1780056550.0,14.0,0.0,0.0,1.0,0.0,0.5,0.0,0.0,0.2778,0.0,0.0,0.0,180.0,1.0,DRIVER_DOMINANCE,synthetic,generator
demo_driver_dominance_01,1780056400.0,1780056580.0,14.0,0.0,0.0,1.0,1.0,0.0,1.0,0.0,0.2222,0.0,0.0,0.0,180.0,1.0,DRIVER_DOMINANCE,synthetic,generator
demo_driver_dominance_01,1780056430.0,1780056610.0,15.0,0.0,0.0,1.0,1.0,0.0,1.0,0.0,0.1667,0.0,0.0,0.0,180.0,1.0,DRIVER_DOMINANCE,synthetic,generator
demo_driver_dominance_01,1780056460.0,1780056640.0,15.0,0.0,0.0,1.0,1.0,0.0,1.0,0.0,0.1667,0.0,0.0,0.0,180.0,1.0,DRIVER_DOMINANCE,synthetic,generator
demo_driver_dominance_01,1780056490.0,1780056670.0,15.0,0.0,0.0,1.0,1.0,0.0,1.0,0.0,0.1667,1.0,0.0,0.0,180.0,0.9444,DRIVER_DOMINANCE,synthetic,generator
demo_driver_dominance_01,1780056520.0,1780056700.0,16.0,0.0,0.0,1.0,1.0,0.0,1.0,0.0,0.1667,1.0,0.0,0.0,180.0,0.9474,DRIVER_DOMINANCE,synthetic,generator
demo_driver_dominance_01,1780056550.0,1780056730.0,16.0,0.0,0.0,1.0,1.0,0.0,1.0,0.0,0.1667,1.0,0.0,0.0,180.0,0.9474,DRIVER_DOMINANCE,synthetic,generator
demo_driver_dominance_01,1780056580.0,1780056760.0,15.0,0.0,0.0,1.0,0.0,0.5,0.0,0.0,0.2222,1.0,0.0,0.0,180.0,0.9375,DRIVER_DOMINANCE,synthetic,generator
demo_driver_dominance_01,1780056610.0,1780056790.0,14.0,0.0,0.0,1.0,1.0,1.0,0.0,0.0,0.2222,1.0,0.0,0.0,180.0,0.9412,DRIVER_DOMINANCE,synthetic,generator
demo_driver_dominance_01,1780056640.0,1780056820.0,14.0,0.0,0.0,1.0,1.0,1.0,0.0,0.0,0.2222,1.0,0.0,0.0,180.0,0.9412,DRIVER_DOMINANCE,synthetic,generator
demo_driver_dominance_01,1780056670.0,1780056850.0,13.0,0.0,0.0,1.0,1.0,1.0,0.0,0.0,0.2778,0.0,0.0,0.0,180.0,1.0,DRIVER_DOMINANCE,synthetic,generator
demo_driver_dominance_01,1780056700.0,1780056880.0,13.0,0.0,0.0,1.0,1.0,1.0,0.0,0.0,0.2222,0.0,0.0,0.0,180.0,1.0,DRIVER_DOMINANCE,synthetic,generator
demo_driver_dominance_02,1780060480.0,1780060660.0,18.0,0.0,0.0,1.0,1.0,1.0,0.0,0.0,0.1111,1.0,0.0,0.0,180.0,0.9545,DRIVER_DOMINANCE,synthetic,generator
demo_driver_dominance_02,1780060510.0,1780060690.0,20.0,0.0,0.0,1.0,1.0,1.0,0.0,0.0,0.1111,1.0,0.0,0.0,180.0,1.0,DRIVER_DOMINANCE,synthetic,generator
demo_driver_dominance_02,1780060540.0,1780060720.0,21.0,0.0,0.0,1.0,1.0,1.0,0.0,0.0,0.1111,1.0,0.0,0.0,180.0,1.0,DRIVER_DOMINANCE,synthetic,generator
demo_driver_dominance_02,1780060570.0,1780060750.0,20.0,0.0,0.0,1.0,1.0,1.0,0.0,0.0,0.1111,1.0,0.0,0.0,180.0,1.0,DRIVER_DOMINANCE,synthetic,generator
demo_driver_dominance_02,1780060600.0,1780060780.0,20.0,0.0,0.0,1.0,2.0,1.0,0.0,0.0,0.1111,1.0,0.0,0.0,180.0,1.0,DRIVER_DOMINANCE,synthetic,generator
demo_driver_dominance_02,1780060630.0,1780060810.0,22.0,0.0,0.0,1.0,2.0,1.0,0.0,0.0,0.0556,1.0,0.0,0.0,180.0,1.0,DRIVER_DOMINANCE,synthetic,generator
demo_driver_dominance_02,1780060660.0,1780060840.0,22.0,0.0,0.0,1.0,1.0,1.0,0.0,0.0,0.0,0.0,0.0,0.0,180.0,1.0,DRIVER_DOMINANCE,synthetic,generator
demo_driver_dominance_02,1780060690.0,1780060870.0,21.0,0.0,0.0,1.0,1.0,1.0,0.0,0.0,0.0556,0.0,0.0,0.0,180.0,1.0,DRIVER_DOMINANCE,synthetic,generator
demo_driver_dominance_02,1780060720.0,1780060900.0,21.0,0.0,0.0,1.0,1.0,1.0,0.0,0.0,0.0556,0.0,0.0,0.0,180.0,1.0,DRIVER_DOMINANCE,synthetic,generator
demo_driver_dominance_02,1780060750.0,1780060930.0,21.0,0.0,0.0,1.0,2.0,0.5,1.0,0.0,0.0556,0.0,0.0,0.0,180.0,1.0,DRIVER_DOMINANCE,synthetic,generator
demo_driver_dominance_02,1780060780.0,1780060960.0,21.0,0.0,0.0,1.0,1.0,0.0,1.0,0.0,0.0556,0.0,0.0,0.0,180.0,1.0,DRIVER_DOMINANCE,synthetic,generator
demo_driver_dominance_02,1780060810.0,1780060990.0,20.0,0.0,0.0,1.0,1.0,0.0,1.0,0.0,0.0556,0.0,0.0,0.0,180.0,1.0,DRIVER_DOMINANCE,synthetic,generator
demo_driver_dominance_02,1780060840.0,1780061020.0,20.0,0.0,0.0,1.0,2.0,0.5,1.0,113.61,0.1111,1.0,0.0,0.0,180.0,1.0,DRIVER_DOMINANCE,synthetic,generator
demo_driver_dominance_02,1780060870.0,1780061050.0,20.0,0.0,0.0,1.0,2.0,0.5,1.0,113.61,0.0556,1.0,0.0,0.0,180.0,1.0,DRIVER_DOMINANCE,synthetic,generator
demo_driver_dominance_02,1780060900.0,1780061080.0,19.0,0.0,0.0,1.0,2.0,0.5,1.0,113.61,0.1111,1.0,0.0,0.0,180.0,1.0,DRIVER_DOMINANCE,synthetic,generator
demo_driver_dominance_02,1780060930.0,1780061110.0,19.0,0.0,0.0,1.0,1.0,1.0,0.0,0.0,0.1111,1.0,0.0,0.0,180.0,1.0,DRIVER_DOMINANCE,synthetic,generator
demo_driver_dominance_02,1780060960.0,1780061140.0,19.0,0.0,0.0,1.0,1.0,1.0,0.0,0.0,0.1111,1.0,0.0,0.0,180.0,1.0,DRIVER_DOMINANCE,synthetic,generator
demo_driver_dominance_02,1780060990.0,1780061170.0,19.0,0.0,0.0,1.0,1.0,1.0,0.0,0.0,0.1111,1.0,0.0,0.0,180.0,1.0,DRIVER_DOMINANCE,synthetic,generator
demo_driver_dominance_02,1780061020.0,1780061200.0,20.0,0.0,0.0,1.0,1.0,1.0,0.0,0.0,0.0556,0.0,0.0,0.0,180.0,1.0,DRIVER_DOMINANCE,synthetic,generator
demo_driver_dominance_03,1780064800.0,1780064980.0,14.0,0.0,0.0,1.0,1.0,1.0,0.0,0.0,0.2222,0.0,0.0,0.0,180.0,0.9412,DRIVER_DOMINANCE,synthetic,generator
demo_driver_dominance_03,1780064830.0,1780065010.0,15.0,0.0,0.0,1.0,1.0,1.0,0.0,0.0,0.1667,0.0,0.0,0.0,180.0,1.0,DRIVER_DOMINANCE,synthetic,generator
demo_driver_dominance_03,1780064860.0,1780065040.0,15.0,0.0,0.0,1.0,1.0,1.0,0.0,0.0,0.1667,0.0,0.0,0.0,180.0,1.0,DRIVER_DOMINANCE,synthetic,generator
demo_driver_dominance_03,1780064890.0,1780065070.0,15.0,0.0,0.0,1.0,1.0,1.0,0.0,0.0,0.1111,1.0,0.0,0.0,180.0,1.0,DRIVER_DOMINANCE,synthetic,generator
demo_driver_dominance_03,1780064920.0,1780065100.0,16.0,0.0,0.0,1.0,2.0,0.5,1.0,0.0,0.0556,1.0,0.0,0.0,180.0,1.0,DRIVER_DOMINANCE,synthetic,generator
demo_driver_dominance_03,1780064950.0,1780065130.0,15.0,0.0,0.0,1.0,1.0,0.0,1.0,0.0,0.1111,1.0,0.0,0.0,180.0,1.0,DRIVER_DOMINANCE,synthetic,generator
demo_driver_dominance_03,1780064980.0,1780065160.0,15.0,0.0,0.0,1.0,1.0,0.0,1.0,0.0,0.1111,1.0,0.0,0.0,180.0,1.0,DRIVER_DOMINANCE,synthetic,generator
demo_driver_dominance_03,1780065010.0,1780065190.0,15.0,0.0,0.0,1.0,1.0,0.0,1.0,0.0,0.1111,1.0,0.0,0.0,180.0,1.0,DRIVER_DOMINANCE,synthetic,generator
demo_driver_dominance_03,1780065040.0,1780065220.0,15.0,0.0,0.0,1.0,1.0,0.0,1.0,0.0,0.1111,1.0,0.0,0.0,180.0,1.0,DRIVER_DOMINANCE,synthetic,generator
demo_driver_dominance_03,1780065070.0,1780065250.0,15.0,0.0,0.0,1.0,2.0,0.5,1.0,129.32,0.1111,0.0,0.0,0.0,180.0,1.0,DRIVER_DOMINANCE,synthetic,generator
demo_driver_dominance_03,1780065100.0,1780065280.0,15.0,0.0,0.0,1.0,1.0,1.0,0.0,0.0,0.1111,0.0,0.0,0.0,180.0,1.0,DRIVER_DOMINANCE,synthetic,generator
demo_driver_dominance_03,1780065130.0,1780065310.0,15.0,0.0,0.0,1.0,1.0,1.0,0.0,0.0,0.1111,0.0,0.0,0.0,180.0,1.0,DRIVER_DOMINANCE,synthetic,generator
demo_driver_dominance_03,1780065160.0,1780065340.0,16.0,0.0,0.0,1.0,1.0,1.0,0.0,0.0,0.0556,0.0,0.0,0.0,180.0,1.0,DRIVER_DOMINANCE,synthetic,generator
demo_driver_dominance_03,1780065190.0,1780065370.0,15.0,0.0,0.0,1.0,1.0,1.0,0.0,0.0,0.1111,0.0,0.0,0.0,180.0,1.0,DRIVER_DOMINANCE,synthetic,generator
demo_driver_dominance_03,1780065220.0,1780065400.0,16.0,0.0,0.0,1.0,1.0,1.0,0.0,0.0,0.1111,0.0,0.0,0.0,180.0,1.0,DRIVER_DOMINANCE,synthetic,generator
demo_driver_dominance_03,1780065250.0,1780065430.0,16.0,0.0,0.0,1.0,1.0,0.0,1.0,0.0,0.1667,0.0,0.0,0.0,180.0,1.0,DRIVER_DOMINANCE,synthetic,generator
demo_driver_dominance_03,1780065280.0,1780065460.0,15.0,0.0,0.0,1.0,1.0,0.0,1.0,0.0,0.2222,0.0,0.0,0.0,180.0,1.0,DRIVER_DOMINANCE,synthetic,generator
demo_driver_dominance_03,1780065310.0,1780065490.0,16.0,0.0,0.0,1.0,1.0,0.0,1.0,0.0,0.1667,0.0,0.0,0.0,180.0,1.0,DRIVER_DOMINANCE,synthetic,generator
demo_driver_dominance_03,1780065340.0,1780065520.0,16.0,0.0,0.0,1.0,2.0,0.5,1.0,89.97,0.1667,1.0,0.0,0.0,180.0,1.0,DRIVER_DOMINANCE,synthetic,generator
demo_driver_dominance_04,1780069120.0,1780069300.0,20.0,0.0,0.0,1.0,1.0,1.0,0.0,0.0,0.0556,1.0,0.0,0.0,180.0,0.9583,DRIVER_DOMINANCE,synthetic,generator
demo_driver_dominance_04,1780069150.0,1780069330.0,20.0,0.0,0.0,1.0,1.0,1.0,0.0,0.0,0.0556,1.0,0.0,0.0,180.0,1.0,DRIVER_DOMINANCE,synthetic,generator
demo_driver_dominance_04,1780069180.0,1780069360.0,19.0,0.0,0.0,1.0,1.0,1.0,0.0,0.0,0.0556,1.0,0.0,0.0,180.0,1.0,DRIVER_DOMINANCE,synthetic,generator
demo_driver_dominance_04,1780069210.0,1780069390.0,20.0,0.0,0.0,1.0,2.0,1.0,0.0,0.0,0.0556,1.0,0.0,0.0,180.0,1.0,DRIVER_DOMINANCE,synthetic,generator
demo_driver_dominance_04,1780069240.0,1780069420.0,20.0,0.0,0.0,1.0,1.0,1.0,0.0,0.0,0.0556,1.0,0.0,0.0,180.0,1.0,DRIVER_DOMINANCE,synthetic,generator
demo_driver_dominance_04,1780069270.0,1780069450.0,19.0,0.0,0.0,1.0,1.0,1.0,0.0,0.0,0.0,0.0,0.0,0.0,180.0,1.0,DRIVER_DOMINANCE,synthetic,generator
demo_driver_dominance_04,1780069300.0,1780069480.0,19.0,0.0,0.0,1.0,1.0,1.0,0.0,0.0,0.0,0.0,0.0,0.0,180.0,1.0,DRIVER_DOMINANCE,synthetic,generator
demo_driver_dominance_04,1780069330.0,1780069510.0,19.0,0.0,0.0,1.0,2.0,1.0,0.0,0.0,0.0,0.0,0.0,0.0,180.0,1.0,DRIVER_DOMINANCE,synthetic,generator
demo_driver_dominance_04,1780069360.0,1780069540.0,20.0,0.0,0.0,1.0,2.0,1.0,0.0,0.0,0.0,0.0,0.0,0.0,180.0,1.0,DRIVER_DOMINANCE,synthetic,generator
demo_driver_dominance_04,1780069390.0,1780069570.0,20.0,0.0,0.0,1.0,1.0,1.0,0.0,0.0,0.0,1.0,0.0,0.0,180.0,1.0,DRIVER_DOMINANCE,synthetic,generator
demo_driver_dominance_04,1780069420.0,1780069600.0,20.0,0.0,0.0,1.0,2.0,0.5,1.0,0.0,0.0,1.0,0.0,0.0,180.0,1.0,DRIVER_DOMINANCE,synthetic,generator
demo_driver_dominance_04,1780069450.0,1780069630.0,20.0,0.0,0.0,1.0,2.0,0.5,1.0,0.0,0.0,1.0,0.0,0.0,180.0,1.0,DRIVER_DOMINANCE,synthetic,generator
demo_driver_dominance_04,1780069480.0,1780069660.0,20.0,0.0,0.0,1.0,2.0,0.5,1.0,0.0,0.0,1.0,0.0,0.0,180.0,1.0,DRIVER_DOMINANCE,synthetic,generator
demo_driver_dominance_04,1780069510.0,1780069690.0,19.0,0.0,0.0,1.0,2.0,0.5,1.0,89.98,0.0,1.0,0.0,0.0,180.0,1.0,DRIVER_DOMINANCE,synthetic,generator
demo_driver_dominance_04,1780069540.0,1780069720.0,19.0,0.0,0.0,1.0,2.0,0.5,1.0,89.98,0.0,1.0,0.0,0.0,180.0,1.0,DRIVER_DOMINANCE,synthetic,generator
demo_driver_dominance_04,1780069570.0,1780069750.0,18.0,0.0,0.0,1.0,2.0,0.5,1.0,89.98,0.0556,0.0,0.0,0.0,180.0,1.0,DRIVER_DOMINANCE,synthetic,generator
demo_driver_dominance_04,1780069600.0,1780069780.0,18.0,0.0,0.0,1.0,1.0,1.0,0.0,0.0,0.0556,0.0,0.0,0.0,180.0,1.0,DRIVER_DOMINANCE,synthetic,generator
demo_driver_dominance_04,1780069630.0,1780069810.0,18.0,0.0,0.0,1.0,1.0,1.0,0.0,0.0,0.1111,0.0,0.0,0.0,180.0,1.0,DRIVER_DOMINANCE,synthetic,generator
demo_driver_dominance_04,1780069660.0,1780069840.0,18.0,0.0,0.0,1.0,2.0,1.0,0.0,0.0,0.1111,0.0,0.0,0.0,180.0,1.0,DRIVER_DOMINANCE,synthetic,generator
demo_driver_dominance_05,1780073440.0,1780073620.0,15.0,0.0,0.0,1.0,1.0,1.0,0.0,0.0,0.1111,0.0,0.0,0.0,180.0,0.9444,DRIVER_DOMINANCE,synthetic,generator
demo_driver_dominance_05,1780073470.0,1780073650.0,15.0,0.0,0.0,1.0,1.0,1.0,0.0,0.0,0.1667,0.0,0.0,0.0,180.0,1.0,DRIVER_DOMINANCE,synthetic,generator
demo_driver_dominance_05,1780073500.0,1780073680.0,17.0,0.0,0.0,1.0,1.0,1.0,0.0,0.0,0.1111,1.0,0.0,0.0,180.0,1.0,DRIVER_DOMINANCE,synthetic,generator
demo_driver_dominance_05,1780073530.0,1780073710.0,17.0,0.0,0.0,1.0,1.0,1.0,0.0,0.0,0.1111,1.0,0.0,0.0,180.0,1.0,DRIVER_DOMINANCE,synthetic,generator
demo_driver_dominance_05,1780073560.0,1780073740.0,17.0,0.0,0.0,1.0,1.0,1.0,0.0,0.0,0.1111,1.0,0.0,0.0,180.0,1.0,DRIVER_DOMINANCE,synthetic,generator
demo_driver_dominance_05,1780073590.0,1780073770.0,16.0,0.0,0.0,1.0,1.0,1.0,0.0,0.0,0.1667,1.0,0.0,0.0,180.0,1.0,DRIVER_DOMINANCE,synthetic,generator
demo_driver_dominance_05,1780073620.0,1780073800.0,18.0,0.0,0.0,1.0,1.0,1.0,0.0,0.0,0.1111,1.0,0.0,0.0,180.0,1.0,DRIVER_DOMINANCE,synthetic,generator
demo_driver_dominance_05,1780073650.0,1780073830.0,18.0,0.0,0.0,1.0,1.0,1.0,0.0,0.0,0.1111,1.0,0.0,0.0,180.0,1.0,DRIVER_DOMINANCE,synthetic,generator
demo_driver_dominance_05,1780073680.0,1780073860.0,17.0,0.0,0.0,1.0,1.0,1.0,0.0,0.0,0.1111,0.0,0.0,0.0,180.0,1.0,DRIVER_DOMINANCE,synthetic,generator
demo_driver_dominance_05,1780073710.0,1780073890.0,17.0,0.0,0.0,1.0,1.0,1.0,0.0,0.0,0.1667,0.0,0.0,0.0,180.0,1.0,DRIVER_DOMINANCE,synthetic,generator
demo_driver_dominance_05,1780073740.0,1780073920.0,16.0,0.0,0.0,1.0,1.0,1.0,0.0,0.0,0.2222,0.0,0.0,0.0,180.0,1.0,DRIVER_DOMINANCE,synthetic,generator
demo_driver_dominance_05,1780073770.0,1780073950.0,17.0,0.0,0.0,1.0,1.0,0.0,1.0,0.0,0.1667,0.0,0.0,0.0,180.0,1.0,DRIVER_DOMINANCE,synthetic,generator
demo_driver_dominance_05,1780073800.0,1780073980.0,16.0,0.0,0.0,1.0,1.0,0.0,1.0,0.0,0.1667,0.0,0.0,0.0,180.0,1.0,DRIVER_DOMINANCE,synthetic,generator
demo_driver_dominance_05,1780073830.0,1780074010.0,16.0,0.0,0.0,1.0,1.0,0.0,1.0,0.0,0.1667,0.0,0.0,0.0,180.0,1.0,DRIVER_DOMINANCE,synthetic,generator
demo_driver_dominance_05,1780073860.0,1780074040.0,15.0,0.0,0.0,1.0,1.0,0.0,1.0,0.0,0.2222,0.0,0.0,0.0,180.0,1.0,DRIVER_DOMINANCE,synthetic,generator
demo_driver_dominance_05,1780073890.0,1780074070.0,15.0,0.0,0.0,1.0,1.0,0.0,1.0,0.0,0.2222,0.0,0.0,0.0,180.0,1.0,DRIVER_DOMINANCE,synthetic,generator
demo_driver_dominance_05,1780073920.0,1780074100.0,16.0,0.0,0.0,1.0,2.0,0.0,2.0,0.0,0.1667,1.0,0.0,0.0,180.0,1.0,DRIVER_DOMINANCE,synthetic,generator
demo_driver_dominance_05,1780073950.0,1780074130.0,15.0,0.0,0.0,1.0,1.0,0.0,1.0,0.0,0.2222,1.0,0.0,0.0,180.0,1.0,DRIVER_DOMINANCE,synthetic,generator
demo_driver_dominance_05,1780073980.0,1780074160.0,16.0,0.0,0.0,1.0,1.0,0.0,1.0,0.0,0.2222,1.0,0.0,0.0,180.0,1.0,DRIVER_DOMINANCE,synthetic,generator
demo_driver_dominance_06,1780077760.0,1780077940.0,14.0,0.0,0.0,1.0,1.0,0.0,1.0,0.0,0.1667,0.0,0.0,0.0,180.0,0.9412,DRIVER_DOMINANCE,synthetic,generator
demo_driver_dominance_06,1780077790.0,1780077970.0,15.0,0.0,0.0,1.0,1.0,0.0,1.0,0.0,0.1667,0.0,0.0,0.0,180.0,1.0,DRIVER_DOMINANCE,synthetic,generator
demo_driver_dominance_06,1780077820.0,1780078000.0,15.0,0.0,0.0,1.0,2.0,0.0,2.0,0.0,0.1111,1.0,0.0,0.0,180.0,1.0,DRIVER_DOMINANCE,synthetic,generator
demo_driver_dominance_06,1780077850.0,1780078030.0,14.0,0.0,0.0,1.0,2.0,0.0,2.0,0.0,0.1667,1.0,0.0,0.0,180.0,1.0,DRIVER_DOMINANCE,synthetic,generator
demo_driver_dominance_06,1780077880.0,1780078060.0,14.0,0.0,0.0,1.0,2.0,0.0,2.0,0.0,0.1667,1.0,0.0,0.0,180.0,1.0,DRIVER_DOMINANCE,synthetic,generator
demo_driver_dominance_06,1780077910.0,1780078090.0,15.0,0.0,0.0,1.0,1.0,0.0,1.0,0.0,0.1667,1.0,0.0,0.0,180.0,1.0,DRIVER_DOMINANCE,synthetic,generator
demo_driver_dominance_06,1780077940.0,1780078120.0,15.0,0.0,0.0,1.0,1.0,0.0,1.0,0.0,0.1667,1.0,0.0,0.0,180.0,1.0,DRIVER_DOMINANCE,synthetic,generator
demo_driver_dominance_06,1780077970.0,1780078150.0,15.0,0.0,0.0,1.0,1.0,0.0,1.0,0.0,0.2222,1.0,0.0,0.0,180.0,1.0,DRIVER_DOMINANCE,synthetic,generator
demo_driver_dominance_06,1780078000.0,1780078180.0,15.0,0.0,0.0,1.0,1.0,1.0,0.0,0.0,0.2778,0.0,0.0,0.0,180.0,1.0,DRIVER_DOMINANCE,synthetic,generator
demo_driver_dominance_06,1780078030.0,1780078210.0,16.0,0.0,0.0,1.0,1.0,1.0,0.0,0.0,0.2222,0.0,0.0,0.0,180.0,1.0,DRIVER_DOMINANCE,synthetic,generator
demo_driver_dominance_06,1780078060.0,1780078240.0,17.0,0.0,0.0,1.0,1.0,1.0,0.0,0.0,0.1667,0.0,0.0,0.0,180.0,1.0,DRIVER_DOMINANCE,synthetic,generator
demo_driver_dominance_06,1780078090.0,1780078270.0,15.0,0.0,0.0,1.0,2.0,0.5,1.0,0.0,0.1667,0.0,0.0,0.0,180.0,1.0,DRIVER_DOMINANCE,synthetic,generator
demo_driver_dominance_06,1780078120.0,1780078300.0,16.0,0.0,0.0,1.0,2.0,0.5,1.0,0.0,0.1111,0.0,0.0,0.0,180.0,1.0,DRIVER_DOMINANCE,synthetic,generator
demo_driver_dominance_06,1780078150.0,1780078330.0,16.0,0.0,0.0,1.0,3.0,0.3333,2.0,0.0,0.0556,0.0,0.0,0.0,180.0,1.0,DRIVER_DOMINANCE,synthetic,generator
demo_driver_dominance_06,1780078180.0,1780078360.0,17.0,0.0,0.0,1.0,2.0,0.0,2.0,0.0,0.0,1.0,0.0,0.0,180.0,1.0,DRIVER_DOMINANCE,synthetic,generator
demo_driver_dominance_06,1780078210.0,1780078390.0,17.0,0.0,0.0,1.0,2.0,0.0,2.0,0.0,0.0556,1.0,0.0,0.0,180.0,1.0,DRIVER_DOMINANCE,synthetic,generator
demo_driver_dominance_06,1780078240.0,1780078420.0,16.0,0.0,0.0,1.0,2.0,0.0,2.0,0.0,0.1111,1.0,0.0,0.0,180.0,1.0,DRIVER_DOMINANCE,synthetic,generator
demo_driver_dominance_06,1780078270.0,1780078450.0,17.0,0.0,0.0,1.0,1.0,0.0,1.0,0.0,0.1111,1.0,0.0,0.0,180.0,1.0,DRIVER_DOMINANCE,synthetic,generator
demo_driver_dominance_06,1780078300.0,1780078480.0,16.0,0.0,0.0,1.0,1.0,0.0,1.0,0.0,0.1667,1.0,0.0,0.0,180.0,1.0,DRIVER_DOMINANCE,synthetic,generator
demo_driver_dominance_07,1780082080.0,1780082260.0,17.0,0.0,0.0,1.0,1.0,1.0,0.0,0.0,0.1111,0.0,0.0,0.0,180.0,0.95,DRIVER_DOMINANCE,synthetic,generator
demo_driver_dominance_07,1780082110.0,1780082290.0,18.0,0.0,0.0,1.0,1.0,1.0,0.0,0.0,0.1111,0.0,0.0,0.0,180.0,1.0,DRIVER_DOMINANCE,synthetic,generator
demo_driver_dominance_07,1780082140.0,1780082320.0,19.0,0.0,0.0,1.0,1.0,1.0,0.0,0.0,0.1111,0.0,0.0,0.0,180.0,1.0,DRIVER_DOMINANCE,synthetic,generator
demo_driver_dominance_07,1780082170.0,1780082350.0,19.0,0.0,0.0,1.0,1.0,1.0,0.0,0.0,0.1667,0.0,0.0,0.0,180.0,1.0,DRIVER_DOMINANCE,synthetic,generator
demo_driver_dominance_07,1780082200.0,1780082380.0,19.0,0.0,0.0,1.0,1.0,1.0,0.0,0.0,0.1667,1.0,0.0,0.0,180.0,1.0,DRIVER_DOMINANCE,synthetic,generator
demo_driver_dominance_07,1780082230.0,1780082410.0,19.0,0.0,0.0,1.0,1.0,1.0,0.0,0.0,0.2222,1.0,0.0,0.0,180.0,1.0,DRIVER_DOMINANCE,synthetic,generator
demo_driver_dominance_07,1780082260.0,1780082440.0,20.0,0.0,0.0,1.0,1.0,1.0,0.0,0.0,0.1667,1.0,0.0,0.0,180.0,1.0,DRIVER_DOMINANCE,synthetic,generator
demo_driver_dominance_07,1780082290.0,1780082470.0,20.0,0.0,0.0,1.0,1.0,1.0,0.0,0.0,0.1667,1.0,0.0,0.0,180.0,1.0,DRIVER_DOMINANCE,synthetic,generator
demo_driver_dominance_07,1780082320.0,1780082500.0,20.0,0.0,0.0,1.0,1.0,1.0,0.0,0.0,0.1667,1.0,0.0,0.0,180.0,1.0,DRIVER_DOMINANCE,synthetic,generator
demo_driver_dominance_07,1780082350.0,1780082530.0,19.0,0.0,0.0,1.0,1.0,1.0,0.0,0.0,0.1667,1.0,0.0,0.0,180.0,1.0,DRIVER_DOMINANCE,synthetic,generator
demo_driver_dominance_07,1780082380.0,1780082560.0,20.0,0.0,0.0,1.0,0.0,0.5,0.0,0.0,0.1667,0.0,0.0,0.0,180.0,1.0,DRIVER_DOMINANCE,synthetic,generator
demo_driver_dominance_07,1780082410.0,1780082590.0,19.0,0.0,0.0,1.0,1.0,0.0,1.0,0.0,0.1111,0.0,0.0,0.0,180.0,1.0,DRIVER_DOMINANCE,synthetic,generator
demo_driver_dominance_07,1780082440.0,1780082620.0,18.0,0.0,0.0,1.0,1.0,0.0,1.0,0.0,0.1111,0.0,0.0,0.0,180.0,1.0,DRIVER_DOMINANCE,synthetic,generator
demo_driver_dominance_07,1780082470.0,1780082650.0,18.0,0.0,0.0,1.0,1.0,0.0,1.0,0.0,0.1111,0.0,0.0,0.0,180.0,1.0,DRIVER_DOMINANCE,synthetic,generator
demo_driver_dominance_07,1780082500.0,1780082680.0,17.0,0.0,0.0,1.0,1.0,0.0,1.0,0.0,0.1111,0.0,0.0,0.0,180.0,1.0,DRIVER_DOMINANCE,synthetic,generator
demo_driver_dominance_07,1780082530.0,1780082710.0,18.0,0.0,0.0,1.0,1.0,0.0,1.0,0.0,0.1111,0.0,0.0,0.0,180.0,1.0,DRIVER_DOMINANCE,synthetic,generator
demo_driver_dominance_07,1780082560.0,1780082740.0,17.0,0.0,0.0,1.0,1.0,0.0,1.0,0.0,0.1111,1.0,0.0,0.0,180.0,1.0,DRIVER_DOMINANCE,synthetic,generator
demo_driver_dominance_07,1780082590.0,1780082770.0,19.0,0.0,0.0,1.0,0.0,0.5,0.0,0.0,0.1667,1.0,0.0,0.0,180.0,1.0,DRIVER_DOMINANCE,synthetic,generator
demo_driver_dominance_07,1780082620.0,1780082800.0,19.0,0.0,0.0,1.0,1.0,0.0,1.0,0.0,0.1667,1.0,0.0,0.0,180.0,1.0,DRIVER_DOMINANCE,synthetic,generator
demo_driver_dominance_08,1780086400.0,1780086580.0,23.0,0.0,0.0,1.0,1.0,0.0,1.0,0.0,0.0,1.0,0.0,0.0,180.0,0.9259,DRIVER_DOMINANCE,synthetic,generator
demo_driver_dominance_08,1780086430.0,1780086610.0,23.0,0.0,0.0,1.0,1.0,0.0,1.0,0.0,0.0,1.0,0.0,0.0,180.0,0.9615,DRIVER_DOMINANCE,synthetic,generator
demo_driver_dominance_08,1780086460.0,1780086640.0,24.0,0.0,0.0,1.0,1.0,0.0,1.0,0.0,0.0,1.0,0.0,0.0,180.0,0.963,DRIVER_DOMINANCE,synthetic,generator
demo_driver_dominance_08,1780086490.0,1780086670.0,23.0,0.0,0.0,1.0,1.0,0.0,1.0,0.0,0.0,1.0,0.0,0.0,180.0,0.9615,DRIVER_DOMINANCE,synthetic,generator
demo_driver_dominance_08,1780086520.0,1780086700.0,24.0,0.0,0.0,1.0,1.0,0.0,1.0,0.0,0.0,1.0,0.0,0.0,180.0,0.963,DRIVER_DOMINANCE,synthetic,generator
demo_driver_dominance_08,1780086550.0,1780086730.0,25.0,0.0,0.0,1.0,0.0,0.5,0.0,0.0,0.0,0.0,0.0,0.0,180.0,1.0,DRIVER_DOMINANCE,synthetic,generator
demo_driver_dominance_08,1780086580.0,1780086760.0,24.0,0.0,0.0,1.0,1.0,0.0,1.0,0.0,0.0,0.0,0.0,0.0,180.0,1.0,DRIVER_DOMINANCE,synthetic,generator
demo_driver_dominance_08,1780086610.0,1780086790.0,25.0,0.0,0.0,1.0,1.0,0.0,1.0,0.0,0.0556,0.0,0.0,0.0,180.0,1.0,DRIVER_DOMINANCE,synthetic,generator
demo_driver_dominance_08,1780086640.0,1780086820.0,24.0,0.0,0.0,1.0,1.0,0.0,1.0,0.0,0.0556,0.0,0.0,0.0,180.0,1.0,DRIVER_DOMINANCE,synthetic,generator
demo_driver_dominance_08,1780086670.0,1780086850.0,26.0,0.0,0.0,1.0,1.0,0.0,1.0,0.0,0.0556,0.0,0.0,0.0,180.0,1.0,DRIVER_DOMINANCE,synthetic,generator
demo_driver_dominance_08,1780086700.0,1780086880.0,26.0,0.0,0.0,1.0,1.0,0.0,1.0,0.0,0.0556,1.0,0.0,0.0,180.0,1.0,DRIVER_DOMINANCE,synthetic,generator
demo_driver_dominance_08,1780086730.0,1780086910.0,25.0,0.0,0.0,1.0,2.0,0.0,2.0,0.0,0.0556,1.0,0.0,0.0,180.0,1.0,DRIVER_DOMINANCE,synthetic,generator
demo_driver_dominance_08,1780086760.0,1780086940.0,25.0,0.0,0.0,1.0,1.0,0.0,1.0,0.0,0.0556,1.0,0.0,0.0,180.0,1.0,DRIVER_DOMINANCE,synthetic,generator
demo_driver_dominance_08,1780086790.0,1780086970.0,26.0,0.0,0.0,1.0,1.0,0.0,1.0,0.0,0.0,1.0,0.0,0.0,180.0,1.0,DRIVER_DOMINANCE,synthetic,generator
demo_driver_dominance_08,1780086820.0,1780087000.0,25.0,0.0,0.0,1.0,1.0,0.0,1.0,0.0,0.0,1.0,0.0,0.0,180.0,1.0,DRIVER_DOMINANCE,synthetic,generator
demo_driver_dominance_08,1780086850.0,1780087030.0,24.0,0.0,0.0,1.0,1.0,0.0,1.0,0.0,0.0,1.0,0.0,0.0,180.0,1.0,DRIVER_DOMINANCE,synthetic,generator
demo_driver_dominance_08,1780086880.0,1780087060.0,24.0,0.0,0.0,1.0,1.0,0.0,1.0,0.0,0.0,0.0,0.0,0.0,180.0,1.0,DRIVER_DOMINANCE,synthetic,generator
demo_driver_dominance_08,1780086910.0,1780087090.0,24.0,0.0,0.0,1.0,1.0,1.0,0.0,0.0,0.0,0.0,0.0,0.0,180.0,1.0,DRIVER_DOMINANCE,synthetic,generator
demo_driver_dominance_08,1780086940.0,1780087120.0,24.0,0.0,0.0,1.0,1.0,1.0,0.0,0.0,0.0,0.0,0.0,0.0,180.0,1.0,DRIVER_DOMINANCE,synthetic,generator
demo_driver_dominance_09,1780090720.0,1780090900.0,14.0,0.0,0.0,1.0,1.0,0.0,1.0,0.0,0.1667,1.0,0.0,0.0,180.0,0.9444,DRIVER_DOMINANCE,synthetic,generator
demo_driver_dominance_09,1780090750.0,1780090930.0,14.0,0.0,0.0,1.0,1.0,0.0,1.0,0.0,0.1667,1.0,0.0,0.0,180.0,1.0,DRIVER_DOMINANCE,synthetic,generator
demo_driver_dominance_09,1780090780.0,1780090960.0,16.0,0.0,0.0,1.0,1.0,0.0,1.0,0.0,0.1111,1.0,0.0,0.0,180.0,1.0,DRIVER_DOMINANCE,synthetic,generator
demo_driver_dominance_09,1780090810.0,1780090990.0,15.0,0.0,0.0,1.0,1.0,0.0,1.0,0.0,0.1667,1.0,0.0,0.0,180.0,1.0,DRIVER_DOMINANCE,synthetic,generator
demo_driver_dominance_09,1780090840.0,1780091020.0,14.0,0.0,0.0,1.0,2.0,0.0,2.0,0.0,0.2222,1.0,0.0,0.0,180.0,1.0,DRIVER_DOMINANCE,synthetic,generator
demo_driver_dominance_09,1780090870.0,1780091050.0,15.0,0.0,0.0,1.0,1.0,0.0,1.0,0.0,0.2222,1.0,0.0,0.0,180.0,0.9444,DRIVER_DOMINANCE,synthetic,generator
demo_driver_dominance_09,1780090900.0,1780091080.0,15.0,0.0,0.0,1.0,1.0,0.0,1.0,0.0,0.2222,1.0,0.0,0.0,180.0,0.9444,DRIVER_DOMINANCE,synthetic,generator
demo_driver_dominance_09,1780090930.0,1780091110.0,16.0,0.0,0.0,1.0,1.0,0.0,1.0,0.0,0.1667,1.0,0.0,0.0,180.0,0.9474,DRIVER_DOMINANCE,synthetic,generator
demo_driver_dominance_09,1780090960.0,1780091140.0,15.0,0.0,0.0,1.0,2.0,0.0,2.0,0.0,0.2222,1.0,0.0,0.0,180.0,0.95,DRIVER_DOMINANCE,synthetic,generator
demo_driver_dominance_09,1780090990.0,1780091170.0,15.0,0.0,0.0,1.0,2.0,0.0,2.0,0.0,0.2222,1.0,0.0,0.0,180.0,0.95,DRIVER_DOMINANCE,synthetic,generator
demo_driver_dominance_09,1780091020.0,1780091200.0,16.0,0.0,0.0,1.0,1.0,0.0,1.0,0.0,0.1667,1.0,0.0,0.0,180.0,0.9474,DRIVER_DOMINANCE,synthetic,generator
demo_driver_dominance_09,1780091050.0,1780091230.0,15.0,0.0,0.0,1.0,1.0,0.0,1.0,0.0,0.2222,1.0,0.0,0.0,180.0,1.0,DRIVER_DOMINANCE,synthetic,generator
demo_driver_dominance_09,1780091080.0,1780091260.0,16.0,0.0,0.0,1.0,1.0,0.0,1.0,0.0,0.1667,1.0,0.0,0.0,180.0,1.0,DRIVER_DOMINANCE,synthetic,generator
demo_driver_dominance_09,1780091110.0,1780091290.0,15.0,0.0,0.0,1.0,2.0,0.5,1.0,155.75,0.2222,1.0,0.0,0.0,180.0,1.0,DRIVER_DOMINANCE,synthetic,generator
demo_driver_dominance_09,1780091140.0,1780091320.0,14.0,0.0,0.0,1.0,1.0,1.0,0.0,0.0,0.2222,1.0,0.0,0.0,180.0,1.0,DRIVER_DOMINANCE,synthetic,generator
demo_driver_dominance_09,1780091170.0,1780091350.0,14.0,0.0,0.0,1.0,1.0,1.0,0.0,0.0,0.2222,1.0,0.0,0.0,180.0,1.0,DRIVER_DOMINANCE,synthetic,generator
demo_driver_dominance_09,1780091200.0,1780091380.0,14.0,0.0,0.0,1.0,1.0,1.0,0.0,0.0,0.2222,2.0,0.0,0.0,180.0,1.0,DRIVER_DOMINANCE,synthetic,generator
demo_driver_dominance_09,1780091230.0,1780091410.0,14.0,0.0,0.0,1.0,2.0,1.0,0.0,0.0,0.2222,1.0,0.0,0.0,180.0,1.0,DRIVER_DOMINANCE,synthetic,generator
demo_driver_dominance_09,1780091260.0,1780091440.0,14.0,0.0,0.0,1.0,2.0,1.0,0.0,0.0,0.2222,1.0,0.0,0.0,180.0,1.0,DRIVER_DOMINANCE,synthetic,generator
demo_driver_dominance_10,1780095040.0,1780095220.0,15.0,0.0,0.0,1.0,1.0,1.0,0.0,0.0,0.1667,0.0,0.0,0.0,180.0,0.9444,DRIVER_DOMINANCE,synthetic,generator
demo_driver_dominance_10,1780095070.0,1780095250.0,15.0,0.0,0.0,1.0,1.0,1.0,0.0,0.0,0.2222,0.0,0.0,0.0,180.0,1.0,DRIVER_DOMINANCE,synthetic,generator
demo_driver_dominance_10,1780095100.0,1780095280.0,16.0,0.0,0.0,1.0,1.0,1.0,0.0,0.0,0.1667,0.0,0.0,0.0,180.0,1.0,DRIVER_DOMINANCE,synthetic,generator
demo_driver_dominance_10,1780095130.0,1780095310.0,15.0,0.0,0.0,1.0,1.0,1.0,0.0,0.0,0.1667,0.0,0.0,0.0,180.0,1.0,DRIVER_DOMINANCE,synthetic,generator
demo_driver_dominance_10,1780095160.0,1780095340.0,15.0,0.0,0.0,1.0,1.0,1.0,0.0,0.0,0.1667,1.0,0.0,0.0,180.0,1.0,DRIVER_DOMINANCE,synthetic,generator
demo_driver_dominance_10,1780095190.0,1780095370.0,15.0,0.0,0.0,1.0,1.0,1.0,0.0,0.0,0.1667,1.0,0.0,0.0,180.0,1.0,DRIVER_DOMINANCE,synthetic,generator
demo_driver_dominance_10,1780095220.0,1780095400.0,16.0,0.0,0.0,1.0,1.0,1.0,0.0,0.0,0.1111,1.0,0.0,0.0,180.0,1.0,DRIVER_DOMINANCE,synthetic,generator
demo_driver_dominance_10,1780095250.0,1780095430.0,16.0,0.0,0.0,1.0,1.0,1.0,0.0,0.0,0.1111,1.0,0.0,0.0,180.0,1.0,DRIVER_DOMINANCE,synthetic,generator
demo_driver_dominance_10,1780095280.0,1780095460.0,16.0,0.0,0.0,1.0,2.0,0.5,1.0,0.0,0.1111,1.0,0.0,0.0,180.0,1.0,DRIVER_DOMINANCE,synthetic,generator
demo_driver_dominance_10,1780095310.0,1780095490.0,17.0,0.0,0.0,1.0,2.0,0.5,1.0,0.0,0.0556,1.0,0.0,0.0,180.0,1.0,DRIVER_DOMINANCE,synthetic,generator
demo_driver_dominance_10,1780095340.0,1780095520.0,17.0,0.0,0.0,1.0,1.0,0.0,1.0,0.0,0.0556,0.0,0.0,0.0,180.0,1.0,DRIVER_DOMINANCE,synthetic,generator
demo_driver_dominance_10,1780095370.0,1780095550.0,15.0,0.0,0.0,1.0,1.0,0.0,1.0,0.0,0.1667,0.0,0.0,0.0,180.0,1.0,DRIVER_DOMINANCE,synthetic,generator
demo_driver_dominance_10,1780095400.0,1780095580.0,16.0,0.0,0.0,1.0,1.0,0.0,1.0,0.0,0.1667,0.0,0.0,0.0,180.0,1.0,DRIVER_DOMINANCE,synthetic,generator
demo_driver_dominance_10,1780095430.0,1780095610.0,17.0,0.0,0.0,1.0,2.0,0.5,1.0,149.56,0.1111,0.0,0.0,0.0,180.0,1.0,DRIVER_DOMINANCE,synthetic,generator
demo_driver_dominance_10,1780095460.0,1780095640.0,16.0,0.0,0.0,1.0,1.0,1.0,0.0,0.0,0.1667,1.0,0.0,0.0,180.0,1.0,DRIVER_DOMINANCE,synthetic,generator
demo_driver_dominance_10,1780095490.0,1780095670.0,16.0,0.0,0.0,1.0,1.0,1.0,0.0,0.0,0.2222,1.0,0.0,0.0,180.0,1.0,DRIVER_DOMINANCE,synthetic,generator
demo_driver_dominance_10,1780095520.0,1780095700.0,16.0,0.0,0.0,1.0,2.0,1.0,0.0,0.0,0.2778,1.0,0.0,0.0,180.0,1.0,DRIVER_DOMINANCE,synthetic,generator
demo_driver_dominance_10,1780095550.0,1780095730.0,18.0,0.0,0.0,1.0,2.0,1.0,0.0,0.0,0.2222,1.0,0.0,0.0,180.0,1.0,DRIVER_DOMINANCE,synthetic,generator
demo_driver_dominance_10,1780095580.0,1780095760.0,16.0,0.0,0.0,1.0,2.0,1.0,0.0,0.0,0.2778,1.0,0.0,0.0,180.0,1.0,DRIVER_DOMINANCE,synthetic,generator
demo_driver_dominance_11,1780099360.0,1780099540.0,19.0,0.0,0.0,1.0,1.0,1.0,0.0,0.0,0.0556,0.0,0.0,0.0,180.0,0.9545,DRIVER_DOMINANCE,synthetic,generator
demo_driver_dominance_11,1780099390.0,1780099570.0,20.0,0.0,0.0,1.0,1.0,1.0,0.0,0.0,0.1111,0.0,0.0,0.0,180.0,1.0,DRIVER_DOMINANCE,synthetic,generator
demo_driver_dominance_11,1780099420.0,1780099600.0,19.0,0.0,0.0,1.0,2.0,1.0,0.0,0.0,0.1111,1.0,0.0,0.0,180.0,1.0,DRIVER_DOMINANCE,synthetic,generator
demo_driver_dominance_11,1780099450.0,1780099630.0,19.0,0.0,0.0,1.0,2.0,1.0,0.0,0.0,0.1111,1.0,0.0,0.0,180.0,1.0,DRIVER_DOMINANCE,synthetic,generator
demo_driver_dominance_11,1780099480.0,1780099660.0,19.0,0.0,0.0,1.0,2.0,1.0,0.0,0.0,0.1111,1.0,0.0,0.0,180.0,1.0,DRIVER_DOMINANCE,synthetic,generator
demo_driver_dominance_11,1780099510.0,1780099690.0,19.0,0.0,0.0,1.0,1.0,1.0,0.0,0.0,0.1111,1.0,0.0,0.0,180.0,1.0,DRIVER_DOMINANCE,synthetic,generator
demo_driver_dominance_11,1780099540.0,1780099720.0,19.0,0.0,0.0,1.0,1.0,1.0,0.0,0.0,0.0556,1.0,0.0,0.0,180.0,1.0,DRIVER_DOMINANCE,synthetic,generator
demo_driver_dominance_11,1780099570.0,1780099750.0,20.0,0.0,0.0,1.0,1.0,1.0,0.0,0.0,0.0,1.0,0.0,0.0,180.0,1.0,DRIVER_DOMINANCE,synthetic,generator
demo_driver_dominance_11,1780099600.0,1780099780.0,20.0,0.0,0.0,1.0,0.0,0.5,0.0,0.0,0.0,0.0,0.0,0.0,180.0,1.0,DRIVER_DOMINANCE,synthetic,generator
demo_driver_dominance_11,1780099630.0,1780099810.0,20.0,0.0,0.0,1.0,1.0,1.0,0.0,0.0,0.0,0.0,0.0,0.0,180.0,1.0,DRIVER_DOMINANCE,synthetic,generator
demo_driver_dominance_11,1780099660.0,1780099840.0,21.0,0.0,0.0,1.0,1.0,1.0,0.0,0.0,0.0,0.0,0.0,0.0,180.0,1.0,DRIVER_DOMINANCE,synthetic,generator
demo_driver_dominance_11,1780099690.0,1780099870.0,20.0,0.0,0.0,1.0,1.0,1.0,0.0,0.0,0.0556,0.0,0.0,0.0,180.0,1.0,DRIVER_DOMINANCE,synthetic,generator
demo_driver_dominance_11,1780099720.0,1780099900.0,19.0,0.0,0.0,1.0,1.0,1.0,0.0,0.0,0.1111,1.0,0.0,0.0,180.0,1.0,DRIVER_DOMINANCE,synthetic,generator
demo_driver_dominance_11,1780099750.0,1780099930.0,19.0,0.0,0.0,1.0,1.0,1.0,0.0,0.0,0.1111,1.0,0.0,0.0,180.0,1.0,DRIVER_DOMINANCE,synthetic,generator
demo_driver_dominance_11,1780099780.0,1780099960.0,18.0,0.0,0.0,1.0,1.0,1.0,0.0,0.0,0.1667,1.0,0.0,0.0,180.0,1.0,DRIVER_DOMINANCE,synthetic,generator
demo_driver_dominance_11,1780099810.0,1780099990.0,19.0,0.0,0.0,1.0,1.0,0.0,1.0,0.0,0.1667,1.0,0.0,0.0,180.0,1.0,DRIVER_DOMINANCE,synthetic,generator
demo_driver_dominance_11,1780099840.0,1780100020.0,18.0,0.0,0.0,1.0,1.0,0.0,1.0,0.0,0.1667,1.0,0.0,0.0,180.0,1.0,DRIVER_DOMINANCE,synthetic,generator
demo_driver_dominance_11,1780099870.0,1780100050.0,20.0,0.0,0.0,1.0,1.0,0.0,1.0,0.0,0.1111,1.0,0.0,0.0,180.0,1.0,DRIVER_DOMINANCE,synthetic,generator
demo_driver_dominance_11,1780099900.0,1780100080.0,21.0,0.0,0.0,1.0,1.0,0.0,1.0,0.0,0.0556,0.0,0.0,0.0,180.0,1.0,DRIVER_DOMINANCE,synthetic,generator
demo_passive_navigator_00,1780103680.0,1780103860.0,19.0,0.0,0.0,1.0,1.0,1.0,0.0,0.0,0.0556,1.0,0.0,0.0,180.0,0.9565,PASSIVE_NAVIGATOR,synthetic,generator
demo_passive_navigator_00,1780103710.0,1780103890.0,19.0,0.0,0.0,1.0,1.0,1.0,0.0,0.0,0.1111,1.0,0.0,0.0,180.0,1.0,PASSIVE_NAVIGATOR,synthetic,generator
demo_passive_navigator_00,1780103740.0,1780103920.0,18.0,0.0,0.0,1.0,1.0,1.0,0.0,0.0,0.1111,1.0,0.0,0.0,180.0,1.0,PASSIVE_NAVIGATOR,synthetic,generator
demo_passive_navigator_00,1780103770.0,1780103950.0,18.0,0.0,0.0,1.0,2.0,1.0,0.0,0.0,0.1111,1.0,0.0,0.0,180.0,1.0,PASSIVE_NAVIGATOR,synthetic,generator
demo_passive_navigator_00,1780103800.0,1780103980.0,17.0,0.0,0.0,1.0,2.0,1.0,0.0,0.0,0.1667,1.0,0.0,0.0,180.0,1.0,PASSIVE_NAVIGATOR,synthetic,generator
demo_passive_navigator_00,1780103830.0,1780104010.0,17.0,0.0,0.0,1.0,2.0,1.0,0.0,0.0,0.1111,0.0,0.0,0.0,180.0,1.0,PASSIVE_NAVIGATOR,synthetic,generator
demo_passive_navigator_00,1780103860.0,1780104040.0,16.0,0.0,0.0,1.0,1.0,1.0,0.0,0.0,0.1111,0.0,0.0,0.0,180.0,1.0,PASSIVE_NAVIGATOR,synthetic,generator
demo_passive_navigator_00,1780103890.0,1780104070.0,17.0,1.0,16.0,0.9412,1.0,1.0,0.0,0.0,0.0556,0.0,0.0,1.0,8.57,0.9,PASSIVE_NAVIGATOR,synthetic,generator
demo_passive_navigator_00,1780103920.0,1780104100.0,16.0,3.0,13.0,0.8125,1.0,1.0,0.0,0.0,0.1111,0.0,0.0,1.0,38.57,0.7895,PASSIVE_NAVIGATOR,synthetic,generator
demo_passive_navigator_00,1780103950.0,1780104130.0,16.0,6.0,10.0,0.625,1.0,1.0,0.0,0.0,0.1111,0.0,0.0,1.0,68.57,0.5263,PASSIVE_NAVIGATOR,synthetic,generator
demo_passive_navigator_00,1780103980.0,1780104160.0,16.0,8.0,8.0,0.5,1.0,1.0,0.0,0.0,0.1111,1.0,0.0,1.0,98.57,0.6,PASSIVE_NAVIGATOR,synthetic,generator
demo_passive_navigator_00,1780104010.0,1780104190.0,17.0,12.0,5.0,0.7059,1.0,1.0,0.0,0.0,0.1111,1.0,0.0,1.0,128.57,0.7619,PASSIVE_NAVIGATOR,synthetic,generator
demo_passive_navigator_00,1780104040.0,1780104220.0,17.0,15.0,2.0,0.8824,1.0,1.0,0.0,0.0,0.1111,1.0,0.0,1.0,158.57,0.9048,PASSIVE_NAVIGATOR,synthetic,generator
demo_passive_navigator_00,1780104070.0,1780104250.0,18.0,18.0,0.0,1.0,1.0,1.0,0.0,0.0,0.1111,1.0,0.0,0.0,188.57,1.0,PASSIVE_NAVIGATOR,synthetic,generator
demo_passive_navigator_00,1780104100.0,1780104280.0,18.0,18.0,0.0,1.0,1.0,1.0,0.0,0.0,0.1111,1.0,0.0,0.0,218.57,1.0,PASSIVE_NAVIGATOR,synthetic,generator
demo_passive_navigator_00,1780104130.0,1780104310.0,18.0,18.0,0.0,1.0,1.0,1.0,0.0,0.0,0.1111,1.0,0.0,0.0,248.57,1.0,PASSIVE_NAVIGATOR,synthetic,generator
demo_passive_navigator_00,1780104160.0,1780104340.0,19.0,19.0,0.0,1.0,1.0,1.0,0.0,0.0,0.1111,0.0,0.0,0.0,278.57,1.0,PASSIVE_NAVIGATOR,synthetic,generator
demo_passive_navigator_00,1780104190.0,1780104370.0,17.0,17.0,0.0,1.0,1.0,1.0,0.0,0.0,0.1667,0.0,0.0,0.0,308.57,1.0,PASSIVE_NAVIGATOR,synthetic,generator
demo_passive_navigator_00,1780104220.0,1780104400.0,17.0,17.0,0.0,1.0,2.0,1.0,0.0,0.0,0.1667,0.0,0.0,0.0,338.57,1.0,PASSIVE_NAVIGATOR,synthetic,generator
demo_passive_navigator_01,1780108000.0,1780108180.0,14.0,0.0,0.0,1.0,1.0,1.0,0.0,0.0,0.1667,1.0,0.0,0.0,180.0,0.9444,PASSIVE_NAVIGATOR,synthetic,generator
demo_passive_navigator_01,1780108030.0,1780108210.0,15.0,0.0,0.0,1.0,2.0,1.0,0.0,0.0,0.1667,1.0,0.0,0.0,180.0,1.0,PASSIVE_NAVIGATOR,synthetic,generator
demo_passive_navigator_01,1780108060.0,1780108240.0,13.0,0.0,0.0,1.0,2.0,1.0,0.0,0.0,0.2778,1.0,0.0,0.0,180.0,1.0,PASSIVE_NAVIGATOR,synthetic,generator
demo_passive_navigator_01,1780108090.0,1780108270.0,14.0,0.0,0.0,1.0,2.0,1.0,0.0,0.0,0.2222,1.0,0.0,0.0,180.0,1.0,PASSIVE_NAVIGATOR,synthetic,generator
demo_passive_navigator_01,1780108120.0,1780108300.0,13.0,0.0,0.0,1.0,1.0,1.0,0.0,0.0,0.2778,0.0,0.0,0.0,180.0,1.0,PASSIVE_NAVIGATOR,synthetic,generator
demo_passive_navigator_01,1780108150.0,1780108330.0,12.0,0.0,0.0,1.0,1.0,1.0,0.0,0.0,0.3333,0.0,0.0,0.0,180.0,1.0,PASSIVE_NAVIGATOR,synthetic,generator
demo_passive_navigator_01,1780108180.0,1780108360.0,12.0,2.0,10.0,0.8333,2.0,1.0,0.0,0.0,0.2778,1.0,0.0,1.0,24.3,0.6667,PASSIVE_NAVIGATOR,synthetic,generator
demo_passive_navigator_01,1780108210.0,1780108390.0,11.0,4.0,7.0,0.6364,1.0,1.0,0.0,0.0,0.3333,1.0,0.0,1.0,54.3,0.5333,PASSIVE_NAVIGATOR,synthetic,generator
demo_passive_navigator_01,1780108240.0,1780108420.0,12.0,6.0,6.0,0.5,1.0,1.0,0.0,0.0,0.2778,1.0,0.0,1.0,84.3,0.625,PASSIVE_NAVIGATOR,synthetic,generator
demo_passive_navigator_01,1780108270.0,1780108450.0,13.0,9.0,4.0,0.6923,2.0,1.0,0.0,0.0,0.2222,1.0,0.0,1.0,114.3,0.7895,PASSIVE_NAVIGATOR,synthetic,generator
demo_passive_navigator_01,1780108300.0,1780108480.0,12.0,10.0,2.0,0.8333,2.0,1.0,0.0,0.0,0.2778,1.0,0.0,1.0,144.3,0.8889,PASSIVE_NAVIGATOR,synthetic,generator
demo_passive_navigator_01,1780108330.0,1780108510.0,13.0,13.0,0.0,1.0,2.0,1.0,0.0,0.0,0.2222,1.0,0.0,1.0,174.3,1.0,PASSIVE_NAVIGATOR,synthetic,generator
demo_passive_navigator_01,1780108360.0,1780108540.0,14.0,14.0,0.0,1.0,1.0,1.0,0.0,0.0,0.2222,1.0,0.0,0.0,204.3,1.0,PASSIVE_NAVIGATOR,synthetic,generator
demo_passive_navigator_01,1780108390.0,1780108570.0,14.0,14.0,0.0,1.0,1.0,1.0,0.0,0.0,0.2222,1.0,0.0,0.0,234.3,1.0,PASSIVE_NAVIGATOR,synthetic,generator
demo_passive_navigator_01,1780108420.0,1780108600.0,15.0,15.0,0.0,1.0,1.0,1.0,0.0,0.0,0.1667,1.0,0.0,0.0,264.3,1.0,PASSIVE_NAVIGATOR,synthetic,generator
demo_passive_navigator_01,1780108450.0,1780108630.0,15.0,15.0,0.0,1.0,1.0,1.0,0.0,0.0,0.1667,2.0,0.0,0.0,294.3,1.0,PASSIVE_NAVIGATOR,synthetic,generator
demo_passive_navigator_01,1780108480.0,1780108660.0,17.0,17.0,0.0,1.0,1.0,1.0,0.0,0.0,0.0556,2.0,0.0,0.0,324.3,1.0,PASSIVE_NAVIGATOR,synthetic,generator
demo_passive_navigator_01,1780108510.0,1780108690.0,16.0,16.0,0.0,1.0,2.0,0.5,1.0,0.0,0.1111,2.0,0.0,0.0,354.3,1.0,PASSIVE_NAVIGATOR,synthetic,generator
demo_passive_navigator_01,1780108540.0,1780108720.0,15.0,15.0,0.0,1.0,2.0,0.5,1.0,0.0,0.1667,1.0,0.0,0.0,384.3,1.0,PASSIVE_NAVIGATOR,synthetic,generator
demo_passive_navigator_02,1780112320.0,1780112500.0,16.0,0.0,0.0,1.0,1.0,0.0,1.0,0.0,0.1111,0.0,0.0,0.0,180.0,0.9474,PASSIVE_NAVIGATOR,synthetic,generator
demo_passive_navigator_02,1780112350.0,1780112530.0,16.0,0.0,0.0,1.0,1.0,0.0,1.0,0.0,0.1667,0.0,0.0,0.0,180.0,1.0,PASSIVE_NAVIGATOR,synthetic,generator
demo_passive_navigator_02,1780112380.0,1780112560.0,17.0,0.0,0.0,1.0,1.0,0.0,1.0,0.0,0.1111,0.0,0.0,0.0,180.0,1.0,PASSIVE_NAVIGATOR,synthetic,generator
demo_passive_navigator_02,1780112410.0,1780112590.0,16.0,0.0,0.0,1.0,2.0,0.5,1.0,163.49,0.1667,0.0,0.0,0.0,180.0,1.0,PASSIVE_NAVIGATOR,synthetic,generator
demo_passive_navigator_02,1780112440.0,1780112620.0,14.0,0.0,0.0,1.0,1.0,1.0,0.0,0.0,0.2222,1.0,0.0,0.0,180.0,1.0,PASSIVE_NAVIGATOR,synthetic,generator
demo_passive_navigator_02,1780112470.0,1780112650.0,14.0,0.0,0.0,1.0,1.0,1.0,0.0,0.0,0.2222,1.0,0.0,0.0,180.0,1.0,PASSIVE_NAVIGATOR,synthetic,generator
demo_passive_navigator_02,1780112500.0,1780112680.0,14.0,0.0,0.0,1.0,1.0,1.0,0.0,0.0,0.2222,1.0,0.0,0.0,180.0,1.0,PASSIVE_NAVIGATOR,synthetic,generator
demo_passive_navigator_02,1780112530.0,1780112710.0,15.0,0.0,0.0,1.0,1.0,1.0,0.0,0.0,0.1667,1.0,0.0,0.0,180.0,1.0,PASSIVE_NAVIGATOR,synthetic,generator
demo_passive_navigator_02,1780112560.0,1780112740.0,14.0,0.0,0.0,1.0,2.0,0.5,1.0,0.0,0.2222,1.0,0.0,0.0,180.0,1.0,PASSIVE_NAVIGATOR,synthetic,generator
demo_passive_navigator_02,1780112590.0,1780112770.0,14.0,0.0,0.0,1.0,1.0,0.0,1.0,0.0,0.2222,1.0,0.0,0.0,180.0,1.0,PASSIVE_NAVIGATOR,synthetic,generator
demo_passive_navigator_02,1780112620.0,1780112800.0,15.0,0.0,0.0,1.0,1.0,0.0,1.0,0.0,0.1667,0.0,0.0,0.0,180.0,1.0,PASSIVE_NAVIGATOR,synthetic,generator
demo_passive_navigator_02,1780112650.0,1780112830.0,15.0,0.0,0.0,1.0,1.0,0.0,1.0,0.0,0.1667,0.0,0.0,0.0,180.0,1.0,PASSIVE_NAVIGATOR,synthetic,generator
demo_passive_navigator_02,1780112680.0,1780112860.0,15.0,0.0,0.0,1.0,2.0,0.0,2.0,0.0,0.1667,0.0,0.0,0.0,180.0,1.0,PASSIVE_NAVIGATOR,synthetic,generator
demo_passive_navigator_02,1780112710.0,1780112890.0,15.0,0.0,0.0,1.0,2.0,0.0,2.0,0.0,0.1667,1.0,0.0,0.0,180.0,1.0,PASSIVE_NAVIGATOR,synthetic,generator
demo_passive_navigator_02,1780112740.0,1780112920.0,15.0,0.0,0.0,1.0,1.0,0.0,1.0,0.0,0.1667,1.0,0.0,0.0,180.0,1.0,PASSIVE_NAVIGATOR,synthetic,generator
demo_passive_navigator_02,1780112770.0,1780112950.0,16.0,0.0,0.0,1.0,2.0,0.0,2.0,0.0,0.1111,1.0,0.0,0.0,180.0,1.0,PASSIVE_NAVIGATOR,synthetic,generator
demo_passive_navigator_02,1780112800.0,1780112980.0,15.0,0.0,0.0,1.0,2.0,0.0,2.0,0.0,0.1667,1.0,0.0,0.0,180.0,1.0,PASSIVE_NAVIGATOR,synthetic,generator
demo_passive_navigator_02,1780112830.0,1780113010.0,15.0,0.0,0.0,1.0,3.0,0.0,3.0,0.0,0.1667,1.0,0.0,0.0,180.0,1.0,PASSIVE_NAVIGATOR,synthetic,generator
demo_passive_navigator_02,1780112860.0,1780113040.0,15.0,0.0,0.0,1.0,2.0,0.0,2.0,0.0,0.1667,1.0,0.0,0.0,180.0,1.0,PASSIVE_NAVIGATOR,synthetic,generator
demo_passive_navigator_03,1780116640.0,1780116820.0,13.0,0.0,0.0,1.0,1.0,1.0,0.0,0.0,0.2778,1.0,0.0,0.0,180.0,0.9412,PASSIVE_NAVIGATOR,synthetic,generator
demo_passive_navigator_03,1780116670.0,1780116850.0,12.0,0.0,0.0,1.0,1.0,1.0,0.0,0.0,0.3333,1.0,0.0,0.0,180.0,1.0,PASSIVE_NAVIGATOR,synthetic,generator
demo_passive_navigator_03,1780116700.0,1780116880.0,12.0,0.0,0.0,1.0,2.0,1.0,0.0,0.0,0.3333,1.0,0.0,0.0,180.0,1.0,PASSIVE_NAVIGATOR,synthetic,generator
demo_passive_navigator_03,1780116730.0,1780116910.0,12.0,0.0,0.0,1.0,1.0,1.0,0.0,0.0,0.3333,1.0,0.0,0.0,180.0,1.0,PASSIVE_NAVIGATOR,synthetic,generator
demo_passive_navigator_03,1780116760.0,1780116940.0,13.0,0.0,0.0,1.0,1.0,1.0,0.0,0.0,0.2778,1.0,0.0,0.0,180.0,1.0,PASSIVE_NAVIGATOR,synthetic,generator
demo_passive_navigator_03,1780116790.0,1780116970.0,13.0,0.0,0.0,1.0,1.0,1.0,0.0,0.0,0.2222,1.0,0.0,0.0,180.0,1.0,PASSIVE_NAVIGATOR,synthetic,generator
demo_passive_navigator_03,1780116820.0,1780117000.0,14.0,0.0,0.0,1.0,1.0,1.0,0.0,0.0,0.1667,1.0,0.0,0.0,180.0,1.0,PASSIVE_NAVIGATOR,synthetic,generator
demo_passive_navigator_03,1780116850.0,1780117030.0,14.0,0.0,0.0,1.0,1.0,1.0,0.0,0.0,0.1667,1.0,0.0,0.0,180.0,1.0,PASSIVE_NAVIGATOR,synthetic,generator
demo_passive_navigator_03,1780116880.0,1780117060.0,14.0,0.0,0.0,1.0,1.0,1.0,0.0,0.0,0.1667,1.0,0.0,0.0,180.0,1.0,PASSIVE_NAVIGATOR,synthetic,generator
demo_passive_navigator_03,1780116910.0,1780117090.0,14.0,0.0,0.0,1.0,1.0,1.0,0.0,0.0,0.1667,1.0,0.0,0.0,180.0,1.0,PASSIVE_NAVIGATOR,synthetic,generator
demo_passive_navigator_03,1780116940.0,1780117120.0,13.0,0.0,0.0,1.0,1.0,1.0,0.0,0.0,0.2222,1.0,0.0,0.0,180.0,1.0,PASSIVE_NAVIGATOR,synthetic,generator
demo_passive_navigator_03,1780116970.0,1780117150.0,13.0,0.0,0.0,1.0,2.0,1.0,0.0,0.0,0.2222,0.0,0.0,0.0,180.0,1.0,PASSIVE_NAVIGATOR,synthetic,generator
demo_passive_navigator_03,1780117000.0,1780117180.0,12.0,0.0,0.0,1.0,2.0,1.0,0.0,0.0,0.2778,0.0,0.0,0.0,180.0,1.0,PASSIVE_NAVIGATOR,synthetic,generator
demo_passive_navigator_03,1780117030.0,1780117210.0,12.0,0.0,0.0,1.0,2.0,1.0,0.0,0.0,0.2222,1.0,0.0,0.0,180.0,1.0,PASSIVE_NAVIGATOR,synthetic,generator
demo_passive_navigator_03,1780117060.0,1780117240.0,12.0,0.0,0.0,1.0,1.0,1.0,0.0,0.0,0.2222,1.0,0.0,0.0,180.0,1.0,PASSIVE_NAVIGATOR,synthetic,generator
demo_passive_navigator_03,1780117090.0,1780117270.0,12.0,0.0,0.0,1.0,1.0,1.0,0.0,0.0,0.2222,1.0,0.0,0.0,180.0,1.0,PASSIVE_NAVIGATOR,synthetic,generator
demo_passive_navigator_03,1780117120.0,1780117300.0,13.0,0.0,0.0,1.0,1.0,1.0,0.0,0.0,0.1667,1.0,0.0,0.0,180.0,1.0,PASSIVE_NAVIGATOR,synthetic,generator
demo_passive_navigator_03,1780117150.0,1780117330.0,14.0,0.0,0.0,1.0,1.0,1.0,0.0,0.0,0.1667,1.0,0.0,0.0,180.0,1.0,PASSIVE_NAVIGATOR,synthetic,generator
demo_passive_navigator_03,1780117180.0,1780117360.0,14.0,0.0,0.0,1.0,1.0,1.0,0.0,0.0,0.1667,1.0,0.0,0.0,180.0,1.0,PASSIVE_NAVIGATOR,synthetic,generator
demo_passive_navigator_04,1780120960.0,1780121140.0,15.0,0.0,0.0,1.0,1.0,1.0,0.0,0.0,0.1667,0.0,0.0,0.0,180.0,0.9444,PASSIVE_NAVIGATOR,synthetic,generator
demo_passive_navigator_04,1780120990.0,1780121170.0,16.0,0.0,0.0,1.0,1.0,1.0,0.0,0.0,0.2222,1.0,0.0,0.0,180.0,1.0,PASSIVE_NAVIGATOR,synthetic,generator
demo_passive_navigator_04,1780121020.0,1780121200.0,16.0,0.0,0.0,1.0,1.0,1.0,0.0,0.0,0.1667,1.0,0.0,0.0,180.0,1.0,PASSIVE_NAVIGATOR,synthetic,generator
demo_passive_navigator_04,1780121050.0,1780121230.0,17.0,0.0,0.0,1.0,1.0,1.0,0.0,0.0,0.1667,1.0,0.0,0.0,180.0,1.0,PASSIVE_NAVIGATOR,synthetic,generator
demo_passive_navigator_04,1780121080.0,1780121260.0,16.0,0.0,0.0,1.0,1.0,1.0,0.0,0.0,0.2778,1.0,0.0,0.0,180.0,1.0,PASSIVE_NAVIGATOR,synthetic,generator
demo_passive_navigator_04,1780121110.0,1780121290.0,17.0,1.0,16.0,0.9412,2.0,1.0,0.0,0.0,0.2222,1.0,1.0,1.0,11.13,0.8261,PASSIVE_NAVIGATOR,synthetic,generator
demo_passive_navigator_04,1780121140.0,1780121320.0,16.0,3.0,13.0,0.8125,1.0,1.0,0.0,0.0,0.2778,1.0,1.0,1.0,41.13,0.7,PASSIVE_NAVIGATOR,synthetic,generator
demo_passive_navigator_04,1780121170.0,1780121350.0,16.0,6.0,10.0,0.625,1.0,1.0,0.0,0.0,0.2222,0.0,0.0,1.0,71.13,0.5263,PASSIVE_NAVIGATOR,synthetic,generator
demo_passive_navigator_04,1780121200.0,1780121380.0,16.0,9.0,7.0,0.5625,1.0,1.0,0.0,0.0,0.2222,0.0,0.0,1.0,101.13,0.6316,PASSIVE_NAVIGATOR,synthetic,generator
demo_passive_navigator_04,1780121230.0,1780121410.0,15.0,11.0,4.0,0.7333,1.0,1.0,0.0,0.0,0.2222,0.0,0.0,1.0,131.13,0.7778,PASSIVE_NAVIGATOR,synthetic,generator
demo_passive_navigator_04,1780121260.0,1780121440.0,16.0,14.0,2.0,0.875,1.0,1.0,0.0,0.0,0.1111,0.0,0.0,1.0,161.13,0.8947,PASSIVE_NAVIGATOR,synthetic,generator
demo_passive_navigator_04,1780121290.0,1780121470.0,15.0,15.0,0.0,1.0,0.0,0.5,0.0,0.0,0.1667,1.0,0.0,0.0,191.13,1.0,PASSIVE_NAVIGATOR,synthetic,generator
demo_passive_navigator_04,1780121320.0,1780121500.0,15.0,15.0,0.0,1.0,1.0,1.0,0.0,0.0,0.1111,1.0,0.0,0.0,221.13,1.0,PASSIVE_NAVIGATOR,synthetic,generator
demo_passive_navigator_04,1780121350.0,1780121530.0,14.0,14.0,0.0,1.0,1.0,1.0,0.0,0.0,0.1667,1.0,0.0,0.0,251.13,1.0,PASSIVE_NAVIGATOR,synthetic,generator
demo_passive_navigator_04,1780121380.0,1780121560.0,13.0,13.0,0.0,1.0,1.0,1.0,0.0,0.0,0.2222,1.0,0.0,0.0,281.13,1.0,PASSIVE_NAVIGATOR,synthetic,generator
demo_passive_navigator_04,1780121410.0,1780121590.0,14.0,14.0,0.0,1.0,1.0,1.0,0.0,0.0,0.2222,1.0,0.0,0.0,311.13,1.0,PASSIVE_NAVIGATOR,synthetic,generator
demo_passive_navigator_04,1780121440.0,1780121620.0,14.0,14.0,0.0,1.0,2.0,1.0,0.0,0.0,0.2222,1.0,0.0,0.0,341.13,1.0,PASSIVE_NAVIGATOR,synthetic,generator
demo_passive_navigator_04,1780121470.0,1780121650.0,14.0,14.0,0.0,1.0,2.0,1.0,0.0,0.0,0.2222,0.0,0.0,0.0,371.13,1.0,PASSIVE_NAVIGATOR,synthetic,generator
demo_passive_navigator_04,1780121500.0,1780121680.0,15.0,15.0,0.0,1.0,1.0,1.0,0.0,0.0,0.2222,0.0,0.0,0.0,401.13,1.0,PASSIVE_NAVIGATOR,synthetic,generator
demo_passive_navigator_05,1780125280.0,1780125460.0,12.0,0.0,0.0,1.0,1.0,1.0,0.0,0.0,0.2778,0.0,0.0,0.0,180.0,0.9333,PASSIVE_NAVIGATOR,synthetic,generator
demo_passive_navigator_05,1780125310.0,1780125490.0,14.0,0.0,0.0,1.0,1.0,1.0,0.0,0.0,0.2222,1.0,0.0,0.0,180.0,1.0,PASSIVE_NAVIGATOR,synthetic,generator
demo_passive_navigator_05,1780125340.0,1780125520.0,14.0,0.0,0.0,1.0,1.0,1.0,0.0,0.0,0.2222,1.0,0.0,0.0,180.0,1.0,PASSIVE_NAVIGATOR,synthetic,generator
demo_passive_navigator_05,1780125370.0,1780125550.0,14.0,1.0,13.0,0.9286,2.0,1.0,0.0,0.0,0.1667,1.0,1.0,1.0,18.68,0.9,PASSIVE_NAVIGATOR,synthetic,generator
demo_passive_navigator_05,1780125400.0,1780125580.0,15.0,4.0,11.0,0.7333,2.0,1.0,0.0,0.0,0.1111,1.0,1.0,1.0,48.68,0.7619,PASSIVE_NAVIGATOR,synthetic,generator
demo_passive_navigator_05,1780125430.0,1780125610.0,15.0,6.0,9.0,0.6,2.0,1.0,0.0,0.0,0.1111,1.0,1.0,1.0,78.68,0.5714,PASSIVE_NAVIGATOR,synthetic,generator
demo_passive_navigator_05,1780125460.0,1780125640.0,13.0,7.0,6.0,0.5385,2.0,1.0,0.0,0.0,0.1667,2.0,1.0,1.0,108.68,0.55,PASSIVE_NAVIGATOR,synthetic,generator
demo_passive_navigator_05,1780125490.0,1780125670.0,12.0,9.0,3.0,0.75,2.0,1.0,0.0,0.0,0.2222,1.0,0.0,1.0,138.68,0.7222,PASSIVE_NAVIGATOR,synthetic,generator
demo_passive_navigator_05,1780125520.0,1780125700.0,13.0,12.0,1.0,0.9231,3.0,0.6667,1.0,0.0,0.1667,1.0,0.0,1.0,168.68,0.8571,PASSIVE_NAVIGATOR,synthetic,generator
demo_passive_navigator_05,1780125550.0,1780125730.0,14.0,14.0,0.0,1.0,2.0,0.5,1.0,0.0,0.1667,1.0,0.0,0.0,198.68,1.0,PASSIVE_NAVIGATOR,synthetic,generator
demo_passive_navigator_05,1780125580.0,1780125760.0,13.0,13.0,0.0,1.0,2.0,0.5,1.0,0.0,0.2222,1.0,0.0,0.0,228.68,1.0,PASSIVE_NAVIGATOR,synthetic,generator
demo_passive_navigator_05,1780125610.0,1780125790.0,13.0,13.0,0.0,1.0,2.0,0.5,1.0,73.92,0.2222,1.0,0.0,0.0,258.68,1.0,PASSIVE_NAVIGATOR,synthetic,generator
demo_passive_navigator_05,1780125640.0,1780125820.0,14.0,14.0,0.0,1.0,2.0,0.5,1.0,73.92,0.1667,1.0,0.0,0.0,288.68,1.0,PASSIVE_NAVIGATOR,synthetic,generator
demo_passive_navigator_05,1780125670.0,1780125850.0,15.0,15.0,0.0,1.0,2.0,0.5,1.0,73.92,0.1111,1.0,0.0,0.0,318.68,1.0,PASSIVE_NAVIGATOR,synthetic,generator
demo_passive_navigator_05,1780125700.0,1780125880.0,14.0,14.0,0.0,1.0,2.0,0.5,1.0,0.0,0.1111,1.0,0.0,0.0,348.68,1.0,PASSIVE_NAVIGATOR,synthetic,generator
demo_passive_navigator_05,1780125730.0,1780125910.0,14.0,14.0,0.0,1.0,2.0,0.5,1.0,0.0,0.1111,1.0,0.0,0.0,378.68,1.0,PASSIVE_NAVIGATOR,synthetic,generator
demo_passive_navigator_05,1780125760.0,1780125940.0,14.0,14.0,0.0,1.0,2.0,0.5,1.0,0.0,0.1111,1.0,0.0,0.0,408.68,1.0,PASSIVE_NAVIGATOR,synthetic,generator
demo_passive_navigator_05,1780125790.0,1780125970.0,14.0,14.0,0.0,1.0,1.0,0.0,1.0,0.0,0.1111,1.0,0.0,0.0,438.68,1.0,PASSIVE_NAVIGATOR,synthetic,generator
demo_passive_navigator_05,1780125820.0,1780126000.0,14.0,14.0,0.0,1.0,1.0,0.0,1.0,0.0,0.1667,0.0,0.0,0.0,468.68,1.0,PASSIVE_NAVIGATOR,synthetic,generator
demo_passive_navigator_06,1780129600.0,1780129780.0,17.0,0.0,0.0,1.0,1.0,1.0,0.0,0.0,0.1111,1.0,0.0,0.0,180.0,0.9524,PASSIVE_NAVIGATOR,synthetic,generator
demo_passive_navigator_06,1780129630.0,1780129810.0,18.0,0.0,0.0,1.0,1.0,1.0,0.0,0.0,0.1111,1.0,0.0,0.0,180.0,1.0,PASSIVE_NAVIGATOR,synthetic,generator
demo_passive_navigator_06,1780129660.0,1780129840.0,18.0,0.0,0.0,1.0,1.0,1.0,0.0,0.0,0.1111,2.0,0.0,0.0,180.0,1.0,PASSIVE_NAVIGATOR,synthetic,generator
demo_passive_navigator_06,1780129690.0,1780129870.0,18.0,0.0,0.0,1.0,1.0,1.0,0.0,0.0,0.0556,1.0,0.0,0.0,180.0,1.0,PASSIVE_NAVIGATOR,synthetic,generator
demo_passive_navigator_06,1780129720.0,1780129900.0,16.0,0.0,0.0,1.0,0.0,0.5,0.0,0.0,0.1111,1.0,0.0,0.0,180.0,1.0,PASSIVE_NAVIGATOR,synthetic,generator
demo_passive_navigator_06,1780129750.0,1780129930.0,18.0,0.0,0.0,1.0,1.0,1.0,0.0,0.0,0.1111,1.0,0.0,0.0,180.0,1.0,PASSIVE_NAVIGATOR,synthetic,generator
demo_passive_navigator_06,1780129780.0,1780129960.0,17.0,0.0,0.0,1.0,1.0,1.0,0.0,0.0,0.1667,2.0,0.0,0.0,180.0,1.0,PASSIVE_NAVIGATOR,synthetic,generator
demo_passive_navigator_06,1780129810.0,1780129990.0,17.0,0.0,0.0,1.0,1.0,1.0,0.0,0.0,0.1667,2.0,0.0,0.0,180.0,1.0,PASSIVE_NAVIGATOR,synthetic,generator
demo_passive_navigator_06,1780129840.0,1780130020.0,17.0,0.0,0.0,1.0,1.0,1.0,0.0,0.0,0.1667,1.0,0.0,0.0,180.0,1.0,PASSIVE_NAVIGATOR,synthetic,generator
demo_passive_navigator_06,1780129870.0,1780130050.0,17.0,0.0,0.0,1.0,1.0,1.0,0.0,0.0,0.2222,1.0,0.0,0.0,180.0,1.0,PASSIVE_NAVIGATOR,synthetic,generator
demo_passive_navigator_06,1780129900.0,1780130080.0,19.0,0.0,0.0,1.0,1.0,1.0,0.0,0.0,0.1667,2.0,0.0,0.0,180.0,1.0,PASSIVE_NAVIGATOR,synthetic,generator
demo_passive_navigator_06,1780129930.0,1780130110.0,18.0,0.0,0.0,1.0,1.0,1.0,0.0,0.0,0.1667,2.0,0.0,0.0,180.0,1.0,PASSIVE_NAVIGATOR,synthetic,generator
demo_passive_navigator_06,1780129960.0,1780130140.0,19.0,0.0,0.0,1.0,1.0,1.0,0.0,0.0,0.1111,1.0,0.0,0.0,180.0,1.0,PASSIVE_NAVIGATOR,synthetic,generator
demo_passive_navigator_06,1780129990.0,1780130170.0,19.0,0.0,0.0,1.0,1.0,1.0,0.0,0.0,0.1111,2.0,0.0,0.0,180.0,1.0,PASSIVE_NAVIGATOR,synthetic,generator
demo_passive_navigator_06,1780130020.0,1780130200.0,19.0,0.0,0.0,1.0,1.0,1.0,0.0,0.0,0.1111,2.0,0.0,0.0,180.0,1.0,PASSIVE_NAVIGATOR,synthetic,generator
demo_passive_navigator_06,1780130050.0,1780130230.0,19.0,0.0,0.0,1.0,2.0,1.0,0.0,0.0,0.0556,2.0,0.0,0.0,180.0,1.0,PASSIVE_NAVIGATOR,synthetic,generator
demo_passive_navigator_06,1780130080.0,1780130260.0,18.0,0.0,0.0,1.0,2.0,1.0,0.0,0.0,0.0556,1.0,0.0,0.0,180.0,1.0,PASSIVE_NAVIGATOR,synthetic,generator
demo_passive_navigator_06,1780130110.0,1780130290.0,18.0,0.0,0.0,1.0,1.0,1.0,0.0,0.0,0.0,2.0,0.0,0.0,180.0,1.0,PASSIVE_NAVIGATOR,synthetic,generator
demo_passive_navigator_06,1780130140.0,1780130320.0,17.0,0.0,0.0,1.0,1.0,1.0,0.0,0.0,0.0556,2.0,0.0,0.0,180.0,1.0,PASSIVE_NAVIGATOR,synthetic,generator
demo_passive_navigator_07,1780133920.0,1780134100.0,16.0,0.0,0.0,1.0,1.0,1.0,0.0,0.0,0.1667,1.0,0.0,0.0,180.0,0.95,PASSIVE_NAVIGATOR,synthetic,generator
demo_passive_navigator_07,1780133950.0,1780134130.0,17.0,0.0,0.0,1.0,1.0,1.0,0.0,0.0,0.1667,1.0,0.0,0.0,180.0,1.0,PASSIVE_NAVIGATOR,synthetic,generator
demo_passive_navigator_07,1780133980.0,1780134160.0,18.0,0.0,0.0,1.0,1.0,1.0,0.0,0.0,0.1667,1.0,0.0,0.0,180.0,1.0,PASSIVE_NAVIGATOR,synthetic,generator
demo_passive_navigator_07,1780134010.0,1780134190.0,18.0,1.0,17.0,0.9444,2.0,1.0,0.0,0.0,0.1111,1.0,1.0,1.0,11.6,0.9167,PASSIVE_NAVIGATOR,synthetic,generator
demo_passive_navigator_07,1780134040.0,1780134220.0,17.0,4.0,13.0,0.7647,1.0,1.0,0.0,0.0,0.1111,1.0,1.0,1.0,41.6,0.7619,PASSIVE_NAVIGATOR,synthetic,generator
demo_passive_navigator_07,1780134070.0,1780134250.0,17.0,6.0,11.0,0.6471,1.0,1.0,0.0,0.0,0.1111,1.0,1.0,1.0,71.6,0.6667,PASSIVE_NAVIGATOR,synthetic,generator
demo_passive_navigator_07,1780134100.0,1780134280.0,18.0,10.0,8.0,0.5556,1.0,1.0,0.0,0.0,0.1111,0.0,0.0,1.0,101.6,0.5238,PASSIVE_NAVIGATOR,synthetic,generator
demo_passive_navigator_07,1780134130.0,1780134310.0,18.0,13.0,5.0,0.7222,1.0,1.0,0.0,0.0,0.1111,1.0,0.0,1.0,131.6,0.6818,PASSIVE_NAVIGATOR,synthetic,generator
demo_passive_navigator_07,1780134160.0,1780134340.0,18.0,16.0,2.0,0.8889,2.0,1.0,0.0,0.0,0.0556,1.0,0.0,1.0,161.6,0.8333,PASSIVE_NAVIGATOR,synthetic,generator
demo_passive_navigator_07,1780134190.0,1780134370.0,19.0,19.0,0.0,1.0,1.0,1.0,0.0,0.0,0.0556,1.0,0.0,0.0,191.6,1.0,PASSIVE_NAVIGATOR,synthetic,generator
demo_passive_navigator_07,1780134220.0,1780134400.0,19.0,19.0,0.0,1.0,1.0,1.0,0.0,0.0,0.0556,1.0,0.0,0.0,221.6,1.0,PASSIVE_NAVIGATOR,synthetic,generator
demo_passive_navigator_07,1780134250.0,1780134430.0,20.0,20.0,0.0,1.0,1.0,1.0,0.0,0.0,0.0,1.0,0.0,0.0,251.6,1.0,PASSIVE_NAVIGATOR,synthetic,generator
demo_passive_navigator_07,1780134280.0,1780134460.0,19.0,19.0,0.0,1.0,2.0,1.0,0.0,0.0,0.0,1.0,0.0,0.0,281.6,1.0,PASSIVE_NAVIGATOR,synthetic,generator
demo_passive_navigator_07,1780134310.0,1780134490.0,19.0,19.0,0.0,1.0,2.0,1.0,0.0,0.0,0.0,0.0,0.0,0.0,311.6,1.0,PASSIVE_NAVIGATOR,synthetic,generator
demo_passive_navigator_07,1780134340.0,1780134520.0,19.0,19.0,0.0,1.0,1.0,1.0,0.0,0.0,0.0,0.0,0.0,0.0,341.6,1.0,PASSIVE_NAVIGATOR,synthetic,generator
demo_passive_navigator_07,1780134370.0,1780134550.0,18.0,18.0,0.0,1.0,1.0,1.0,0.0,0.0,0.0556,0.0,0.0,0.0,371.6,1.0,PASSIVE_NAVIGATOR,synthetic,generator
demo_passive_navigator_07,1780134400.0,1780134580.0,17.0,17.0,0.0,1.0,1.0,1.0,0.0,0.0,0.1111,0.0,0.0,0.0,401.6,1.0,PASSIVE_NAVIGATOR,synthetic,generator
demo_passive_navigator_07,1780134430.0,1780134610.0,17.0,17.0,0.0,1.0,2.0,1.0,0.0,0.0,0.1111,1.0,0.0,0.0,431.6,1.0,PASSIVE_NAVIGATOR,synthetic,generator
demo_passive_navigator_07,1780134460.0,1780134640.0,17.0,17.0,0.0,1.0,1.0,1.0,0.0,0.0,0.1111,1.0,0.0,0.0,461.6,1.0,PASSIVE_NAVIGATOR,synthetic,generator
demo_passive_navigator_08,1780138240.0,1780138420.0,15.0,0.0,0.0,1.0,1.0,0.0,1.0,0.0,0.1667,0.0,0.0,0.0,180.0,0.9444,PASSIVE_NAVIGATOR,synthetic,generator
demo_passive_navigator_08,1780138270.0,1780138450.0,16.0,0.0,0.0,1.0,1.0,0.0,1.0,0.0,0.1111,0.0,0.0,0.0,180.0,1.0,PASSIVE_NAVIGATOR,synthetic,generator
demo_passive_navigator_08,1780138300.0,1780138480.0,16.0,0.0,0.0,1.0,1.0,0.0,1.0,0.0,0.1111,1.0,0.0,0.0,180.0,1.0,PASSIVE_NAVIGATOR,synthetic,generator
demo_passive_navigator_08,1780138330.0,1780138510.0,16.0,0.0,0.0,1.0,2.0,0.0,2.0,0.0,0.1111,1.0,0.0,0.0,180.0,1.0,PASSIVE_NAVIGATOR,synthetic,generator
demo_passive_navigator_08,1780138360.0,1780138540.0,15.0,0.0,0.0,1.0,1.0,0.0,1.0,0.0,0.1667,1.0,0.0,0.0,180.0,1.0,PASSIVE_NAVIGATOR,synthetic,generator
demo_passive_navigator_08,1780138390.0,1780138570.0,15.0,0.0,0.0,1.0,1.0,0.0,1.0,0.0,0.1667,1.0,0.0,0.0,180.0,1.0,PASSIVE_NAVIGATOR,synthetic,generator
demo_passive_navigator_08,1780138420.0,1780138600.0,14.0,0.0,0.0,1.0,1.0,0.0,1.0,0.0,0.2222,1.0,0.0,0.0,180.0,1.0,PASSIVE_NAVIGATOR,synthetic,generator
demo_passive_navigator_08,1780138450.0,1780138630.0,14.0,0.0,0.0,1.0,2.0,0.5,1.0,123.01,0.2222,1.0,0.0,0.0,180.0,1.0,PASSIVE_NAVIGATOR,synthetic,generator
demo_passive_navigator_08,1780138480.0,1780138660.0,14.0,0.0,0.0,1.0,2.0,0.5,1.0,123.01,0.2222,0.0,0.0,0.0,180.0,1.0,PASSIVE_NAVIGATOR,synthetic,generator
demo_passive_navigator_08,1780138510.0,1780138690.0,13.0,0.0,0.0,1.0,1.0,1.0,0.0,0.0,0.2778,0.0,0.0,0.0,180.0,1.0,PASSIVE_NAVIGATOR,synthetic,generator
demo_passive_navigator_08,1780138540.0,1780138720.0,13.0,0.0,0.0,1.0,1.0,1.0,0.0,0.0,0.2778,0.0,0.0,0.0,180.0,1.0,PASSIVE_NAVIGATOR,synthetic,generator
demo_passive_navigator_08,1780138570.0,1780138750.0,15.0,0.0,0.0,1.0,1.0,1.0,0.0,0.0,0.2222,0.0,0.0,0.0,180.0,1.0,PASSIVE_NAVIGATOR,synthetic,generator
demo_passive_navigator_08,1780138600.0,1780138780.0,15.0,0.0,0.0,1.0,1.0,1.0,0.0,0.0,0.2222,0.0,0.0,0.0,180.0,1.0,PASSIVE_NAVIGATOR,synthetic,generator
demo_passive_navigator_08,1780138630.0,1780138810.0,15.0,0.0,0.0,1.0,1.0,1.0,0.0,0.0,0.2222,0.0,0.0,0.0,180.0,1.0,PASSIVE_NAVIGATOR,synthetic,generator
demo_passive_navigator_08,1780138660.0,1780138840.0,16.0,0.0,0.0,1.0,1.0,1.0,0.0,0.0,0.1667,0.0,0.0,0.0,180.0,1.0,PASSIVE_NAVIGATOR,synthetic,generator
demo_passive_navigator_08,1780138690.0,1780138870.0,16.0,0.0,0.0,1.0,1.0,1.0,0.0,0.0,0.1667,0.0,0.0,0.0,180.0,1.0,PASSIVE_NAVIGATOR,synthetic,generator
demo_passive_navigator_08,1780138720.0,1780138900.0,16.0,0.0,0.0,1.0,1.0,1.0,0.0,0.0,0.1667,1.0,0.0,0.0,180.0,1.0,PASSIVE_NAVIGATOR,synthetic,generator
demo_passive_navigator_08,1780138750.0,1780138930.0,14.0,0.0,0.0,1.0,1.0,1.0,0.0,0.0,0.2222,1.0,0.0,0.0,180.0,1.0,PASSIVE_NAVIGATOR,synthetic,generator
demo_passive_navigator_08,1780138780.0,1780138960.0,14.0,0.0,0.0,1.0,1.0,1.0,0.0,0.0,0.2222,1.0,0.0,0.0,180.0,1.0,PASSIVE_NAVIGATOR,synthetic,generator
demo_passive_navigator_09,1780142560.0,1780142740.0,17.0,0.0,0.0,1.0,1.0,1.0,0.0,0.0,0.0556,0.0,0.0,0.0,180.0,0.95,PASSIVE_NAVIGATOR,synthetic,generator
demo_passive_navigator_09,1780142590.0,1780142770.0,17.0,0.0,0.0,1.0,1.0,1.0,0.0,0.0,0.0556,0.0,0.0,0.0,180.0,1.0,PASSIVE_NAVIGATOR,synthetic,generator
demo_passive_navigator_09,1780142620.0,1780142800.0,16.0,0.0,0.0,1.0,1.0,1.0,0.0,0.0,0.0556,0.0,0.0,0.0,180.0,1.0,PASSIVE_NAVIGATOR,synthetic,generator
demo_passive_navigator_09,1780142650.0,1780142830.0,15.0,0.0,0.0,1.0,1.0,1.0,0.0,0.0,0.1111,0.0,0.0,0.0,180.0,1.0,PASSIVE_NAVIGATOR,synthetic,generator
demo_passive_navigator_09,1780142680.0,1780142860.0,14.0,0.0,0.0,1.0,1.0,1.0,0.0,0.0,0.1667,1.0,0.0,0.0,180.0,1.0,PASSIVE_NAVIGATOR,synthetic,generator
demo_passive_navigator_09,1780142710.0,1780142890.0,14.0,0.0,0.0,1.0,1.0,1.0,0.0,0.0,0.1667,1.0,0.0,0.0,180.0,1.0,PASSIVE_NAVIGATOR,synthetic,generator
demo_passive_navigator_09,1780142740.0,1780142920.0,15.0,0.0,0.0,1.0,1.0,1.0,0.0,0.0,0.1667,1.0,0.0,0.0,180.0,1.0,PASSIVE_NAVIGATOR,synthetic,generator
demo_passive_navigator_09,1780142770.0,1780142950.0,14.0,0.0,0.0,1.0,1.0,1.0,0.0,0.0,0.2222,1.0,0.0,0.0,180.0,1.0,PASSIVE_NAVIGATOR,synthetic,generator
demo_passive_navigator_09,1780142800.0,1780142980.0,14.0,0.0,0.0,1.0,1.0,1.0,0.0,0.0,0.2222,1.0,0.0,0.0,180.0,1.0,PASSIVE_NAVIGATOR,synthetic,generator
demo_passive_navigator_09,1780142830.0,1780143010.0,14.0,0.0,0.0,1.0,1.0,1.0,0.0,0.0,0.2222,1.0,0.0,0.0,180.0,1.0,PASSIVE_NAVIGATOR,synthetic,generator
demo_passive_navigator_09,1780142860.0,1780143040.0,15.0,0.0,0.0,1.0,1.0,1.0,0.0,0.0,0.1667,1.0,0.0,0.0,180.0,1.0,PASSIVE_NAVIGATOR,synthetic,generator
demo_passive_navigator_09,1780142890.0,1780143070.0,14.0,0.0,0.0,1.0,1.0,1.0,0.0,0.0,0.2222,1.0,0.0,0.0,180.0,1.0,PASSIVE_NAVIGATOR,synthetic,generator
demo_passive_navigator_09,1780142920.0,1780143100.0,13.0,0.0,0.0,1.0,0.0,0.5,0.0,0.0,0.2778,1.0,0.0,0.0,180.0,1.0,PASSIVE_NAVIGATOR,synthetic,generator
demo_passive_navigator_09,1780142950.0,1780143130.0,14.0,0.0,0.0,1.0,0.0,0.5,0.0,0.0,0.2778,1.0,0.0,0.0,180.0,1.0,PASSIVE_NAVIGATOR,synthetic,generator
demo_passive_navigator_09,1780142980.0,1780143160.0,15.0,0.0,0.0,1.0,1.0,1.0,0.0,0.0,0.2222,1.0,0.0,0.0,180.0,1.0,PASSIVE_NAVIGATOR,synthetic,generator
demo_passive_navigator_09,1780143010.0,1780143190.0,16.0,0.0,0.0,1.0,1.0,1.0,0.0,0.0,0.1667,1.0,0.0,0.0,180.0,1.0,PASSIVE_NAVIGATOR,synthetic,generator
demo_passive_navigator_09,1780143040.0,1780143220.0,16.0,0.0,0.0,1.0,1.0,1.0,0.0,0.0,0.1667,0.0,0.0,0.0,180.0,1.0,PASSIVE_NAVIGATOR,synthetic,generator
demo_passive_navigator_09,1780143070.0,1780143250.0,17.0,0.0,0.0,1.0,1.0,1.0,0.0,0.0,0.1111,0.0,0.0,0.0,180.0,1.0,PASSIVE_NAVIGATOR,synthetic,generator
demo_passive_navigator_09,1780143100.0,1780143280.0,16.0,0.0,0.0,1.0,1.0,1.0,0.0,0.0,0.1111,1.0,0.0,0.0,180.0,1.0,PASSIVE_NAVIGATOR,synthetic,generator
demo_passive_navigator_09,1780143130.0,1780143310.0,13.0,0.0,0.0,1.0,2.0,1.0,0.0,0.0,0.1667,1.0,0.0,0.0,180.0,1.0,PASSIVE_NAVIGATOR,synthetic,generator
demo_passive_navigator_10,1780146880.0,1780147060.0,12.0,0.0,0.0,1.0,1.0,1.0,0.0,0.0,0.2778,0.0,0.0,0.0,180.0,0.9333,PASSIVE_NAVIGATOR,synthetic,generator
demo_passive_navigator_10,1780146910.0,1780147090.0,12.0,0.0,0.0,1.0,1.0,1.0,0.0,0.0,0.3333,0.0,0.0,0.0,180.0,1.0,PASSIVE_NAVIGATOR,synthetic,generator
demo_passive_navigator_10,1780146940.0,1780147120.0,13.0,0.0,0.0,1.0,1.0,1.0,0.0,0.0,0.2778,0.0,0.0,0.0,180.0,1.0,PASSIVE_NAVIGATOR,synthetic,generator
demo_passive_navigator_10,1780146970.0,1780147150.0,13.0,0.0,0.0,1.0,1.0,1.0,0.0,0.0,0.2222,0.0,0.0,0.0,180.0,1.0,PASSIVE_NAVIGATOR,synthetic,generator
demo_passive_navigator_10,1780147000.0,1780147180.0,13.0,0.0,0.0,1.0,1.0,1.0,0.0,0.0,0.2222,0.0,0.0,0.0,180.0,1.0,PASSIVE_NAVIGATOR,synthetic,generator
demo_passive_navigator_10,1780147030.0,1780147210.0,13.0,0.0,0.0,1.0,1.0,1.0,0.0,0.0,0.2222,1.0,0.0,0.0,180.0,1.0,PASSIVE_NAVIGATOR,synthetic,generator
demo_passive_navigator_10,1780147060.0,1780147240.0,13.0,0.0,0.0,1.0,0.0,0.5,0.0,0.0,0.2778,1.0,0.0,0.0,180.0,1.0,PASSIVE_NAVIGATOR,synthetic,generator
demo_passive_navigator_10,1780147090.0,1780147270.0,13.0,0.0,0.0,1.0,0.0,0.5,0.0,0.0,0.2778,1.0,0.0,0.0,180.0,1.0,PASSIVE_NAVIGATOR,synthetic,generator
demo_passive_navigator_10,1780147120.0,1780147300.0,13.0,0.0,0.0,1.0,1.0,1.0,0.0,0.0,0.3333,1.0,0.0,0.0,180.0,1.0,PASSIVE_NAVIGATOR,synthetic,generator
demo_passive_navigator_10,1780147150.0,1780147330.0,14.0,0.0,0.0,1.0,1.0,1.0,0.0,0.0,0.3333,1.0,0.0,0.0,180.0,1.0,PASSIVE_NAVIGATOR,synthetic,generator
demo_passive_navigator_10,1780147180.0,1780147360.0,13.0,0.0,0.0,1.0,1.0,1.0,0.0,0.0,0.3889,1.0,0.0,0.0,180.0,1.0,PASSIVE_NAVIGATOR,synthetic,generator
demo_passive_navigator_10,1780147210.0,1780147390.0,15.0,0.0,0.0,1.0,1.0,1.0,0.0,0.0,0.3333,0.0,0.0,0.0,180.0,1.0,PASSIVE_NAVIGATOR,synthetic,generator
demo_passive_navigator_10,1780147240.0,1780147420.0,15.0,0.0,0.0,1.0,1.0,1.0,0.0,0.0,0.3333,1.0,0.0,0.0,180.0,1.0,PASSIVE_NAVIGATOR,synthetic,generator
demo_passive_navigator_10,1780147270.0,1780147450.0,15.0,0.0,0.0,1.0,1.0,1.0,0.0,0.0,0.3333,1.0,0.0,0.0,180.0,1.0,PASSIVE_NAVIGATOR,synthetic,generator
demo_passive_navigator_10,1780147300.0,1780147480.0,14.0,0.0,0.0,1.0,1.0,0.0,1.0,0.0,0.3333,1.0,0.0,0.0,180.0,1.0,PASSIVE_NAVIGATOR,synthetic,generator
demo_passive_navigator_10,1780147330.0,1780147510.0,14.0,0.0,0.0,1.0,1.0,0.0,1.0,0.0,0.2778,1.0,0.0,0.0,180.0,1.0,PASSIVE_NAVIGATOR,synthetic,generator
demo_passive_navigator_10,1780147360.0,1780147540.0,16.0,0.0,0.0,1.0,1.0,0.0,1.0,0.0,0.1667,1.0,0.0,0.0,180.0,1.0,PASSIVE_NAVIGATOR,synthetic,generator
demo_passive_navigator_10,1780147390.0,1780147570.0,15.0,0.0,0.0,1.0,1.0,0.0,1.0,0.0,0.2222,1.0,0.0,0.0,180.0,1.0,PASSIVE_NAVIGATOR,synthetic,generator
demo_passive_navigator_10,1780147420.0,1780147600.0,16.0,0.0,0.0,1.0,1.0,0.0,1.0,0.0,0.1667,0.0,0.0,0.0,180.0,1.0,PASSIVE_NAVIGATOR,synthetic,generator
demo_passive_navigator_11,1780151200.0,1780151380.0,16.0,0.0,0.0,1.0,1.0,1.0,0.0,0.0,0.0556,0.0,0.0,0.0,180.0,0.9474,PASSIVE_NAVIGATOR,synthetic,generator
demo_passive_navigator_11,1780151230.0,1780151410.0,17.0,0.0,0.0,1.0,1.0,1.0,0.0,0.0,0.0556,0.0,0.0,0.0,180.0,1.0,PASSIVE_NAVIGATOR,synthetic,generator
demo_passive_navigator_11,1780151260.0,1780151440.0,16.0,0.0,0.0,1.0,1.0,1.0,0.0,0.0,0.1111,0.0,0.0,0.0,180.0,1.0,PASSIVE_NAVIGATOR,synthetic,generator
demo_passive_navigator_11,1780151290.0,1780151470.0,17.0,0.0,0.0,1.0,1.0,1.0,0.0,0.0,0.1111,1.0,0.0,0.0,180.0,1.0,PASSIVE_NAVIGATOR,synthetic,generator
demo_passive_navigator_11,1780151320.0,1780151500.0,17.0,0.0,0.0,1.0,1.0,1.0,0.0,0.0,0.1111,1.0,0.0,0.0,180.0,1.0,PASSIVE_NAVIGATOR,synthetic,generator
demo_passive_navigator_11,1780151350.0,1780151530.0,18.0,0.0,0.0,1.0,1.0,1.0,0.0,0.0,0.1111,1.0,0.0,0.0,180.0,1.0,PASSIVE_NAVIGATOR,synthetic,generator
demo_passive_navigator_11,1780151380.0,1780151560.0,19.0,0.0,0.0,1.0,1.0,1.0,0.0,0.0,0.1111,1.0,0.0,0.0,180.0,1.0,PASSIVE_NAVIGATOR,synthetic,generator
demo_passive_navigator_11,1780151410.0,1780151590.0,18.0,0.0,0.0,1.0,1.0,1.0,0.0,0.0,0.1667,1.0,0.0,0.0,180.0,1.0,PASSIVE_NAVIGATOR,synthetic,generator
demo_passive_navigator_11,1780151440.0,1780151620.0,19.0,0.0,0.0,1.0,1.0,1.0,0.0,0.0,0.1111,1.0,0.0,0.0,180.0,1.0,PASSIVE_NAVIGATOR,synthetic,generator
demo_passive_navigator_11,1780151470.0,1780151650.0,17.0,0.0,0.0,1.0,2.0,0.5,1.0,0.0,0.1667,0.0,0.0,0.0,180.0,1.0,PASSIVE_NAVIGATOR,synthetic,generator
demo_passive_navigator_11,1780151500.0,1780151680.0,17.0,0.0,0.0,1.0,2.0,0.5,1.0,0.0,0.1667,0.0,0.0,0.0,180.0,1.0,PASSIVE_NAVIGATOR,synthetic,generator
demo_passive_navigator_11,1780151530.0,1780151710.0,17.0,0.0,0.0,1.0,1.0,0.0,1.0,0.0,0.1667,0.0,0.0,0.0,180.0,1.0,PASSIVE_NAVIGATOR,synthetic,generator
demo_passive_navigator_11,1780151560.0,1780151740.0,17.0,0.0,0.0,1.0,1.0,0.0,1.0,0.0,0.1667,0.0,0.0,0.0,180.0,1.0,PASSIVE_NAVIGATOR,synthetic,generator
demo_passive_navigator_11,1780151590.0,1780151770.0,17.0,0.0,0.0,1.0,1.0,0.0,1.0,0.0,0.2222,0.0,0.0,0.0,180.0,1.0,PASSIVE_NAVIGATOR,synthetic,generator
demo_passive_navigator_11,1780151620.0,1780151800.0,17.0,0.0,0.0,1.0,1.0,0.0,1.0,0.0,0.2222,1.0,0.0,0.0,180.0,1.0,PASSIVE_NAVIGATOR,synthetic,generator
demo_passive_navigator_11,1780151650.0,1780151830.0,18.0,0.0,0.0,1.0,1.0,1.0,0.0,0.0,0.1667,1.0,0.0,0.0,180.0,1.0,PASSIVE_NAVIGATOR,synthetic,generator
demo_passive_navigator_11,1780151680.0,1780151860.0,18.0,0.0,0.0,1.0,1.0,1.0,0.0,0.0,0.1667,1.0,0.0,0.0,180.0,1.0,PASSIVE_NAVIGATOR,synthetic,generator
demo_passive_navigator_11,1780151710.0,1780151890.0,16.0,0.0,0.0,1.0,1.0,1.0,0.0,0.0,0.2222,1.0,0.0,0.0,180.0,1.0,PASSIVE_NAVIGATOR,synthetic,generator
demo_passive_navigator_11,1780151740.0,1780151920.0,16.0,0.0,0.0,1.0,2.0,0.5,1.0,0.0,0.1667,1.0,0.0,0.0,180.0,1.0,PASSIVE_NAVIGATOR,synthetic,generator
demo_logic_struggle_00,1780155520.0,1780155700.0,15.0,0.0,0.0,1.0,3.0,0.0,3.0,0.0,0.0,2.0,0.0,0.0,180.0,0.875,LOGIC_STRUGGLE,synthetic,generator
demo_logic_struggle_00,1780155550.0,1780155730.0,15.0,0.0,0.0,1.0,3.0,0.0,3.0,0.0,0.0,3.0,0.0,0.0,180.0,0.9167,LOGIC_STRUGGLE,synthetic,generator
demo_logic_struggle_00,1780155580.0,1780155760.0,15.0,0.0,0.0,1.0,3.0,0.0,3.0,0.0,0.0,2.0,0.0,0.0,180.0,0.9565,LOGIC_STRUGGLE,synthetic,generator
demo_logic_struggle_00,1780155610.0,1780155790.0,14.0,0.0,0.0,1.0,3.0,0.0,3.0,0.0,0.0556,3.0,0.0,0.0,180.0,0.9565,LOGIC_STRUGGLE,synthetic,generator
demo_logic_struggle_00,1780155640.0,1780155820.0,15.0,0.0,0.0,1.0,3.0,0.0,3.0,0.0,0.0556,4.0,0.0,0.0,180.0,0.92,LOGIC_STRUGGLE,synthetic,generator
demo_logic_struggle_00,1780155670.0,1780155850.0,15.0,0.0,0.0,1.0,3.0,0.0,3.0,0.0,0.1111,3.0,0.0,0.0,180.0,0.9583,LOGIC_STRUGGLE,synthetic,generator
demo_logic_struggle_00,1780155700.0,1780155880.0,15.0,0.0,0.0,1.0,3.0,0.0,3.0,0.0,0.1111,4.0,0.0,0.0,180.0,0.96,LOGIC_STRUGGLE,synthetic,generator
demo_logic_struggle_00,1780155730.0,1780155910.0,15.0,0.0,0.0,1.0,3.0,0.0,3.0,0.0,0.1667,4.0,0.0,0.0,180.0,0.92,LOGIC_STRUGGLE,synthetic,generator
demo_logic_struggle_00,1780155760.0,1780155940.0,14.0,0.0,0.0,1.0,3.0,0.3333,2.0,121.23,0.2222,4.0,0.0,0.0,180.0,0.9167,LOGIC_STRUGGLE,synthetic,generator
demo_logic_struggle_00,1780155790.0,1780155970.0,15.0,0.0,0.0,1.0,3.0,0.3333,2.0,121.23,0.1667,4.0,0.0,0.0,180.0,0.92,LOGIC_STRUGGLE,synthetic,generator
demo_logic_struggle_00,1780155820.0,1780156000.0,15.0,1.0,14.0,0.9333,2.0,0.5,1.0,60.29,0.1667,3.0,2.0,1.0,13.24,0.8696,LOGIC_STRUGGLE,synthetic,generator
demo_logic_struggle_00,1780155850.0,1780156030.0,15.0,3.0,12.0,0.8,3.0,0.3333,1.0,60.29,0.1667,3.0,2.0,1.0,43.24,0.72,LOGIC_STRUGGLE,synthetic,generator
demo_logic_struggle_00,1780155880.0,1780156060.0,14.0,5.0,9.0,0.6429,2.0,0.5,1.0,0.0,0.2222,3.0,1.0,1.0,73.24,0.5455,LOGIC_STRUGGLE,synthetic,generator
demo_logic_struggle_00,1780155910.0,1780156090.0,15.0,8.0,7.0,0.5333,2.0,0.5,1.0,0.0,0.1667,3.0,2.0,1.0,103.24,0.5217,LOGIC_STRUGGLE,synthetic,generator
demo_logic_struggle_00,1780155940.0,1780156120.0,15.0,10.0,5.0,0.6667,1.0,0.0,1.0,0.0,0.1667,3.0,2.0,1.0,133.24,0.6667,LOGIC_STRUGGLE,synthetic,generator
demo_logic_struggle_00,1780155970.0,1780156150.0,15.0,13.0,2.0,0.8667,2.0,0.0,2.0,0.0,0.1667,3.0,1.0,1.0,163.24,0.8696,LOGIC_STRUGGLE,synthetic,generator
demo_logic_struggle_00,1780156000.0,1780156180.0,14.0,14.0,0.0,1.0,2.0,0.0,2.0,0.0,0.2222,3.0,1.0,0.0,193.24,0.9524,LOGIC_STRUGGLE,synthetic,generator
demo_logic_struggle_00,1780156030.0,1780156210.0,14.0,14.0,0.0,1.0,1.0,0.0,1.0,0.0,0.2222,4.0,1.0,0.0,223.24,0.95,LOGIC_STRUGGLE,synthetic,generator
demo_logic_struggle_00,1780156060.0,1780156240.0,15.0,15.0,0.0,1.0,2.0,0.0,2.0,0.0,0.2222,3.0,1.0,0.0,253.24,0.9545,LOGIC_STRUGGLE,synthetic,generator
demo_logic_struggle_01,1780159840.0,1780160020.0,14.0,0.0,0.0,1.0,2.0,0.0,2.0,0.0,0.1667,2.0,0.0,0.0,180.0,0.9048,LOGIC_STRUGGLE,synthetic,generator
demo_logic_struggle_01,1780159870.0,1780160050.0,14.0,0.0,0.0,1.0,2.0,0.0,2.0,0.0,0.2222,2.0,0.0,0.0,180.0,0.95,LOGIC_STRUGGLE,synthetic,generator
demo_logic_struggle_01,1780159900.0,1780160080.0,14.0,0.0,0.0,1.0,3.0,0.0,3.0,0.0,0.1667,2.0,0.0,0.0,180.0,0.9091,LOGIC_STRUGGLE,synthetic,generator
demo_logic_struggle_01,1780159930.0,1780160110.0,14.0,0.0,0.0,1.0,3.0,0.0,3.0,0.0,0.1111,2.0,0.0,0.0,180.0,0.913,LOGIC_STRUGGLE,synthetic,generator
demo_logic_struggle_01,1780159960.0,1780160140.0,13.0,0.0,0.0,1.0,3.0,0.0,3.0,0.0,0.1667,2.0,0.0,0.0,180.0,0.9048,LOGIC_STRUGGLE,synthetic,generator
demo_logic_struggle_01,1780159990.0,1780160170.0,14.0,0.0,0.0,1.0,3.0,0.0,3.0,0.0,0.1111,3.0,0.0,0.0,180.0,0.913,LOGIC_STRUGGLE,synthetic,generator
demo_logic_struggle_01,1780160020.0,1780160200.0,14.0,0.0,0.0,1.0,2.0,0.0,2.0,0.0,0.1111,2.0,0.0,0.0,180.0,0.95,LOGIC_STRUGGLE,synthetic,generator
demo_logic_struggle_01,1780160050.0,1780160230.0,15.0,0.0,0.0,1.0,3.0,0.0,3.0,0.0,0.1111,3.0,0.0,0.0,180.0,0.9583,LOGIC_STRUGGLE,synthetic,generator
demo_logic_struggle_01,1780160080.0,1780160260.0,16.0,3.0,13.0,0.8125,2.0,0.0,2.0,0.0,0.1111,2.0,2.0,1.0,25.48,0.8261,LOGIC_STRUGGLE,synthetic,generator
demo_logic_struggle_01,1780160110.0,1780160290.0,15.0,4.0,11.0,0.7333,3.0,0.0,3.0,0.0,0.1111,3.0,2.0,1.0,55.48,0.6667,LOGIC_STRUGGLE,synthetic,generator
demo_logic_struggle_01,1780160140.0,1780160320.0,16.0,7.0,9.0,0.5625,3.0,0.0,3.0,0.0,0.0556,3.0,2.0,1.0,85.48,0.5,LOGIC_STRUGGLE,synthetic,generator
demo_logic_struggle_01,1780160170.0,1780160350.0,16.0,10.0,6.0,0.625,3.0,0.0,3.0,0.0,0.0556,2.0,1.0,1.0,115.48,0.64,LOGIC_STRUGGLE,synthetic,generator
demo_logic_struggle_01,1780160200.0,1780160380.0,16.0,13.0,3.0,0.8125,3.0,0.0,3.0,0.0,0.0556,3.0,1.0,1.0,145.48,0.7778,LOGIC_STRUGGLE,synthetic,generator
demo_logic_struggle_01,1780160230.0,1780160410.0,15.0,15.0,0.0,1.0,3.0,0.3333,2.0,116.25,0.0556,2.0,0.0,1.0,175.48,1.0,LOGIC_STRUGGLE,synthetic,generator
demo_logic_struggle_01,1780160260.0,1780160440.0,15.0,15.0,0.0,1.0,3.0,0.3333,2.0,116.25,0.0556,2.0,0.0,0.0,205.48,1.0,LOGIC_STRUGGLE,synthetic,generator
demo_logic_struggle_01,1780160290.0,1780160470.0,16.0,16.0,0.0,1.0,3.0,0.3333,1.0,63.28,0.1111,2.0,0.0,0.0,235.48,1.0,LOGIC_STRUGGLE,synthetic,generator
demo_logic_struggle_01,1780160320.0,1780160500.0,16.0,16.0,0.0,1.0,2.0,0.5,1.0,0.0,0.1111,3.0,1.0,0.0,265.48,0.9565,LOGIC_STRUGGLE,synthetic,generator
demo_logic_struggle_01,1780160350.0,1780160530.0,15.0,15.0,0.0,1.0,2.0,0.5,1.0,0.0,0.1667,3.0,1.0,0.0,295.48,0.9565,LOGIC_STRUGGLE,synthetic,generator
demo_logic_struggle_01,1780160380.0,1780160560.0,16.0,16.0,0.0,1.0,3.0,0.3333,2.0,0.0,0.1667,2.0,1.0,0.0,325.48,0.9565,LOGIC_STRUGGLE,synthetic,generator
demo_logic_struggle_02,1780164160.0,1780164340.0,12.0,0.0,0.0,1.0,2.0,0.0,2.0,0.0,0.2222,2.0,0.0,0.0,180.0,0.8421,LOGIC_STRUGGLE,synthetic,generator
demo_logic_struggle_02,1780164190.0,1780164370.0,13.0,0.0,0.0,1.0,2.0,0.0,2.0,0.0,0.2222,2.0,0.0,0.0,180.0,0.8947,LOGIC_STRUGGLE,synthetic,generator
demo_logic_struggle_02,1780164220.0,1780164400.0,13.0,0.0,0.0,1.0,3.0,0.0,3.0,0.0,0.2222,2.0,0.0,0.0,180.0,0.9048,LOGIC_STRUGGLE,synthetic,generator
demo_logic_struggle_02,1780164250.0,1780164430.0,13.0,0.0,0.0,1.0,2.0,0.0,2.0,0.0,0.1667,2.0,0.0,0.0,180.0,0.8947,LOGIC_STRUGGLE,synthetic,generator
demo_logic_struggle_02,1780164280.0,1780164460.0,11.0,0.0,0.0,1.0,2.0,0.0,2.0,0.0,0.2222,2.0,0.0,0.0,180.0,0.8889,LOGIC_STRUGGLE,synthetic,generator
demo_logic_struggle_02,1780164310.0,1780164490.0,11.0,0.0,0.0,1.0,3.0,0.0,3.0,0.0,0.2222,1.0,0.0,0.0,180.0,0.9412,LOGIC_STRUGGLE,synthetic,generator
demo_logic_struggle_02,1780164340.0,1780164520.0,11.0,0.0,0.0,1.0,2.0,0.0,2.0,0.0,0.2778,2.0,0.0,0.0,180.0,0.9412,LOGIC_STRUGGLE,synthetic,generator
demo_logic_struggle_02,1780164370.0,1780164550.0,11.0,0.0,0.0,1.0,2.0,0.0,2.0,0.0,0.2778,2.0,0.0,0.0,180.0,0.9412,LOGIC_STRUGGLE,synthetic,generator
demo_logic_struggle_02,1780164400.0,1780164580.0,11.0,0.0,0.0,1.0,2.0,0.0,2.0,0.0,0.2222,2.0,0.0,0.0,180.0,0.9412,LOGIC_STRUGGLE,synthetic,generator
demo_logic_struggle_02,1780164430.0,1780164610.0,11.0,0.0,0.0,1.0,2.0,0.0,2.0,0.0,0.2778,1.0,0.0,0.0,180.0,1.0,LOGIC_STRUGGLE,synthetic,generator
demo_logic_struggle_02,1780164460.0,1780164640.0,12.0,0.0,0.0,1.0,3.0,0.0,3.0,0.0,0.2222,2.0,0.0,0.0,180.0,0.9474,LOGIC_STRUGGLE,synthetic,generator
demo_logic_struggle_02,1780164490.0,1780164670.0,12.0,0.0,0.0,1.0,2.0,0.0,2.0,0.0,0.2222,2.0,0.0,0.0,180.0,0.9444,LOGIC_STRUGGLE,synthetic,generator
demo_logic_struggle_02,1780164520.0,1780164700.0,12.0,0.0,0.0,1.0,3.0,0.3333,2.0,129.32,0.2222,1.0,0.0,0.0,180.0,0.9474,LOGIC_STRUGGLE,synthetic,generator
demo_logic_struggle_02,1780164550.0,1780164730.0,12.0,0.0,0.0,1.0,3.0,0.3333,2.0,129.32,0.1667,2.0,0.0,0.0,180.0,0.9,LOGIC_STRUGGLE,synthetic,generator
demo_logic_struggle_02,1780164580.0,1780164760.0,11.0,0.0,0.0,1.0,3.0,0.3333,1.0,66.07,0.2778,2.0,0.0,0.0,180.0,0.8947,LOGIC_STRUGGLE,synthetic,generator
demo_logic_struggle_02,1780164610.0,1780164790.0,11.0,0.0,0.0,1.0,3.0,0.3333,1.0,66.07,0.2778,3.0,0.0,0.0,180.0,0.9,LOGIC_STRUGGLE,synthetic,generator
demo_logic_struggle_02,1780164640.0,1780164820.0,10.0,0.0,0.0,1.0,2.0,0.5,1.0,0.0,0.3889,2.0,0.0,0.0,180.0,0.9375,LOGIC_STRUGGLE,synthetic,generator
demo_logic_struggle_02,1780164670.0,1780164850.0,10.0,0.0,0.0,1.0,3.0,0.3333,2.0,0.0,0.3889,2.0,0.0,0.0,180.0,0.9444,LOGIC_STRUGGLE,synthetic,generator
demo_logic_struggle_02,1780164700.0,1780164880.0,10.0,0.0,0.0,1.0,2.0,0.0,2.0,0.0,0.3889,2.0,0.0,0.0,180.0,0.9375,LOGIC_STRUGGLE,synthetic,generator
demo_logic_struggle_03,1780168480.0,1780168660.0,13.0,0.0,0.0,1.0,3.0,0.3333,2.0,85.14,0.2222,3.0,0.0,0.0,180.0,0.8696,LOGIC_STRUGGLE,synthetic,generator
demo_logic_struggle_03,1780168510.0,1780168690.0,13.0,0.0,0.0,1.0,4.0,0.25,2.0,85.14,0.2222,3.0,0.0,0.0,180.0,0.9167,LOGIC_STRUGGLE,synthetic,generator
demo_logic_struggle_03,1780168540.0,1780168720.0,14.0,0.0,0.0,1.0,3.0,0.3333,1.0,47.8,0.2222,3.0,0.0,0.0,180.0,0.9565,LOGIC_STRUGGLE,synthetic,generator
demo_logic_struggle_03,1780168570.0,1780168750.0,14.0,0.0,0.0,1.0,3.0,0.3333,2.0,0.0,0.2222,3.0,0.0,0.0,180.0,0.9565,LOGIC_STRUGGLE,synthetic,generator
demo_logic_struggle_03,1780168600.0,1780168780.0,14.0,0.0,0.0,1.0,4.0,0.25,3.0,0.0,0.2222,2.0,0.0,0.0,180.0,0.9583,LOGIC_STRUGGLE,synthetic,generator
demo_logic_struggle_03,1780168630.0,1780168810.0,14.0,0.0,0.0,1.0,3.0,0.0,3.0,0.0,0.2778,2.0,0.0,0.0,180.0,0.9545,LOGIC_STRUGGLE,synthetic,generator
demo_logic_struggle_03,1780168660.0,1780168840.0,15.0,0.0,0.0,1.0,4.0,0.0,4.0,0.0,0.2222,1.0,0.0,0.0,180.0,1.0,LOGIC_STRUGGLE,synthetic,generator
demo_logic_struggle_03,1780168690.0,1780168870.0,15.0,0.0,15.0,1.0,4.0,0.0,4.0,0.0,0.2222,2.0,1.0,1.0,11.51,0.9231,LOGIC_STRUGGLE,synthetic,generator
demo_logic_struggle_03,1780168720.0,1780168900.0,15.0,3.0,12.0,0.8,5.0,0.0,5.0,0.0,0.2222,1.0,0.0,1.0,41.51,0.7407,LOGIC_STRUGGLE,synthetic,generator
demo_logic_struggle_03,1780168750.0,1780168930.0,15.0,6.0,9.0,0.6,4.0,0.0,4.0,0.0,0.2222,2.0,1.0,1.0,71.51,0.6154,LOGIC_STRUGGLE,synthetic,generator
demo_logic_struggle_03,1780168780.0,1780168960.0,15.0,8.0,7.0,0.5333,4.0,0.0,4.0,0.0,0.1667,2.0,1.0,1.0,101.51,0.5385,LOGIC_STRUGGLE,synthetic,generator
demo_logic_struggle_03,1780168810.0,1780168990.0,15.0,10.0,5.0,0.6667,4.0,0.0,4.0,0.0,0.1111,2.0,1.0,1.0,131.51,0.6154,LOGIC_STRUGGLE,synthetic,generator
demo_logic_struggle_03,1780168840.0,1780169020.0,14.0,12.0,2.0,0.8571,4.0,0.0,4.0,0.0,0.1111,3.0,2.0,1.0,161.51,0.7692,LOGIC_STRUGGLE,synthetic,generator
demo_logic_struggle_03,1780168870.0,1780169050.0,14.0,14.0,0.0,1.0,3.0,0.0,3.0,0.0,0.1111,2.0,2.0,0.0,191.51,0.9091,LOGIC_STRUGGLE,synthetic,generator
demo_logic_struggle_03,1780168900.0,1780169080.0,13.0,13.0,0.0,1.0,3.0,0.0,3.0,0.0,0.1111,3.0,2.0,0.0,221.51,0.9091,LOGIC_STRUGGLE,synthetic,generator
demo_logic_struggle_03,1780168930.0,1780169110.0,12.0,12.0,0.0,1.0,3.0,0.0,3.0,0.0,0.1667,2.0,1.0,0.0,251.51,0.95,LOGIC_STRUGGLE,synthetic,generator
demo_logic_struggle_03,1780168960.0,1780169140.0,12.0,12.0,0.0,1.0,3.0,0.0,3.0,0.0,0.2222,2.0,1.0,0.0,281.51,0.95,LOGIC_STRUGGLE,synthetic,generator
demo_logic_struggle_03,1780168990.0,1780169170.0,12.0,12.0,0.0,1.0,3.0,0.0,3.0,0.0,0.1667,3.0,2.0,0.0,311.51,0.9048,LOGIC_STRUGGLE,synthetic,generator
demo_logic_struggle_03,1780169020.0,1780169200.0,13.0,13.0,0.0,1.0,3.0,0.3333,2.0,112.93,0.1667,2.0,1.0,0.0,341.51,0.9524,LOGIC_STRUGGLE,synthetic,generator
demo_logic_struggle_04,1780172800.0,1780172980.0,14.0,0.0,0.0,1.0,2.0,0.0,2.0,0.0,0.2222,2.0,0.0,0.0,180.0,0.8571,LOGIC_STRUGGLE,synthetic,generator
demo_logic_struggle_04,1780172830.0,1780173010.0,14.0,0.0,0.0,1.0,2.0,0.0,2.0,0.0,0.2778,3.0,0.0,0.0,180.0,0.9048,LOGIC_STRUGGLE,synthetic,generator
demo_logic_struggle_04,1780172860.0,1780173040.0,14.0,0.0,0.0,1.0,3.0,0.0,3.0,0.0,0.2222,3.0,0.0,0.0,180.0,0.913,LOGIC_STRUGGLE,synthetic,generator
demo_logic_struggle_04,1780172890.0,1780173070.0,14.0,0.0,0.0,1.0,2.0,0.0,2.0,0.0,0.2222,2.0,0.0,0.0,180.0,0.95,LOGIC_STRUGGLE,synthetic,generator
demo_logic_struggle_04,1780172920.0,1780173100.0,14.0,0.0,0.0,1.0,2.0,0.0,2.0,0.0,0.2222,3.0,0.0,0.0,180.0,0.9524,LOGIC_STRUGGLE,synthetic,generator
demo_logic_struggle_04,1780172950.0,1780173130.0,14.0,0.0,0.0,1.0,3.0,0.3333,2.0,133.65,0.2222,2.0,0.0,0.0,180.0,1.0,LOGIC_STRUGGLE,synthetic,generator
demo_logic_struggle_04,1780172980.0,1780173160.0,13.0,0.0,0.0,1.0,3.0,0.6667,1.0,85.86,0.2778,2.0,0.0,0.0,180.0,1.0,LOGIC_STRUGGLE,synthetic,generator
demo_logic_struggle_04,1780173010.0,1780173190.0,13.0,0.0,0.0,1.0,3.0,0.6667,1.0,85.86,0.2778,2.0,0.0,0.0,180.0,0.9524,LOGIC_STRUGGLE,synthetic,generator
demo_logic_struggle_04,1780173040.0,1780173220.0,13.0,0.0,0.0,1.0,2.0,1.0,0.0,0.0,0.2778,2.0,0.0,0.0,180.0,0.9474,LOGIC_STRUGGLE,synthetic,generator
demo_logic_struggle_04,1780173070.0,1780173250.0,14.0,0.0,0.0,1.0,3.0,0.6667,1.0,0.0,0.2222,2.0,0.0,0.0,180.0,0.9545,LOGIC_STRUGGLE,synthetic,generator
demo_logic_struggle_04,1780173100.0,1780173280.0,13.0,0.0,0.0,1.0,3.0,0.6667,1.0,0.0,0.2222,2.0,0.0,0.0,180.0,0.9524,LOGIC_STRUGGLE,synthetic,generator
demo_logic_struggle_04,1780173130.0,1780173310.0,14.0,0.0,0.0,1.0,3.0,0.3333,2.0,0.0,0.1667,2.0,0.0,0.0,180.0,0.9545,LOGIC_STRUGGLE,synthetic,generator
demo_logic_struggle_04,1780173160.0,1780173340.0,14.0,0.0,0.0,1.0,2.0,0.0,2.0,0.0,0.1667,3.0,0.0,0.0,180.0,0.9048,LOGIC_STRUGGLE,synthetic,generator
demo_logic_struggle_04,1780173190.0,1780173370.0,14.0,0.0,0.0,1.0,3.0,0.3333,2.0,116.49,0.1667,2.0,0.0,0.0,180.0,0.9545,LOGIC_STRUGGLE,synthetic,generator
demo_logic_struggle_04,1780173220.0,1780173400.0,13.0,0.0,0.0,1.0,3.0,0.3333,2.0,116.49,0.2222,3.0,0.0,0.0,180.0,0.9091,LOGIC_STRUGGLE,synthetic,generator
demo_logic_struggle_04,1780173250.0,1780173430.0,12.0,0.0,0.0,1.0,2.0,0.5,1.0,53.42,0.2778,3.0,0.0,0.0,180.0,0.8947,LOGIC_STRUGGLE,synthetic,generator
demo_logic_struggle_04,1780173280.0,1780173460.0,14.0,0.0,0.0,1.0,3.0,0.6667,1.0,53.42,0.2222,3.0,0.0,0.0,180.0,0.913,LOGIC_STRUGGLE,synthetic,generator
demo_logic_struggle_04,1780173310.0,1780173490.0,13.0,0.0,0.0,1.0,2.0,1.0,0.0,0.0,0.2778,3.0,0.0,0.0,180.0,0.9,LOGIC_STRUGGLE,synthetic,generator
demo_logic_struggle_04,1780173340.0,1780173520.0,13.0,0.0,0.0,1.0,2.0,1.0,0.0,0.0,0.2222,3.0,0.0,0.0,180.0,0.95,LOGIC_STRUGGLE,synthetic,generator
demo_logic_struggle_05,1780177120.0,1780177300.0,11.0,0.0,0.0,1.0,2.0,0.0,2.0,0.0,0.2778,1.0,0.0,0.0,180.0,0.8824,LOGIC_STRUGGLE,synthetic,generator
demo_logic_struggle_05,1780177150.0,1780177330.0,11.0,0.0,0.0,1.0,3.0,0.0,3.0,0.0,0.2778,2.0,0.0,0.0,180.0,0.8947,LOGIC_STRUGGLE,synthetic,generator
demo_logic_struggle_05,1780177180.0,1780177360.0,10.0,0.0,0.0,1.0,3.0,0.0,3.0,0.0,0.2778,2.0,0.0,0.0,180.0,0.8947,LOGIC_STRUGGLE,synthetic,generator
demo_logic_struggle_05,1780177210.0,1780177390.0,9.0,0.0,0.0,1.0,3.0,0.0,3.0,0.0,0.3333,1.0,0.0,0.0,180.0,0.9375,LOGIC_STRUGGLE,synthetic,generator
demo_logic_struggle_05,1780177240.0,1780177420.0,10.0,0.0,0.0,1.0,3.0,0.0,3.0,0.0,0.2778,2.0,0.0,0.0,180.0,0.9444,LOGIC_STRUGGLE,synthetic,generator
demo_logic_struggle_05,1780177270.0,1780177450.0,10.0,0.0,0.0,1.0,2.0,0.0,2.0,0.0,0.3333,2.0,0.0,0.0,180.0,0.9375,LOGIC_STRUGGLE,synthetic,generator
demo_logic_struggle_05,1780177300.0,1780177480.0,10.0,0.0,0.0,1.0,3.0,0.0,3.0,0.0,0.3333,3.0,0.0,0.0,180.0,0.9474,LOGIC_STRUGGLE,synthetic,generator
demo_logic_struggle_05,1780177330.0,1780177510.0,10.0,0.0,0.0,1.0,2.0,0.0,2.0,0.0,0.3889,2.0,0.0,0.0,180.0,1.0,LOGIC_STRUGGLE,synthetic,generator
demo_logic_struggle_05,1780177360.0,1780177540.0,12.0,0.0,0.0,1.0,3.0,0.0,3.0,0.0,0.3333,2.0,0.0,0.0,180.0,1.0,LOGIC_STRUGGLE,synthetic,generator
demo_logic_struggle_05,1780177390.0,1780177570.0,12.0,0.0,0.0,1.0,2.0,0.0,2.0,0.0,0.3333,3.0,0.0,0.0,180.0,0.9474,LOGIC_STRUGGLE,synthetic,generator
demo_logic_struggle_05,1780177420.0,1780177600.0,12.0,0.0,0.0,1.0,3.0,0.0,3.0,0.0,0.3333,2.0,0.0,0.0,180.0,0.95,LOGIC_STRUGGLE,synthetic,generator
demo_logic_struggle_05,1780177450.0,1780177630.0,13.0,0.0,0.0,1.0,3.0,0.0,3.0,0.0,0.2778,2.0,0.0,0.0,180.0,0.9545,LOGIC_STRUGGLE,synthetic,generator
demo_logic_struggle_05,1780177480.0,1780177660.0,12.0,0.0,0.0,1.0,3.0,0.0,3.0,0.0,0.2778,1.0,0.0,0.0,180.0,0.9474,LOGIC_STRUGGLE,synthetic,generator
demo_logic_struggle_05,1780177510.0,1780177690.0,12.0,0.0,0.0,1.0,3.0,0.0,3.0,0.0,0.2778,2.0,0.0,0.0,180.0,0.9,LOGIC_STRUGGLE,synthetic,generator
demo_logic_struggle_05,1780177540.0,1780177720.0,12.0,0.0,0.0,1.0,3.0,0.3333,2.0,118.53,0.2778,2.0,0.0,0.0,180.0,0.9,LOGIC_STRUGGLE,synthetic,generator
demo_logic_struggle_05,1780177570.0,1780177750.0,12.0,0.0,0.0,1.0,3.0,0.3333,2.0,118.53,0.2778,1.0,0.0,0.0,180.0,0.9474,LOGIC_STRUGGLE,synthetic,generator
demo_logic_struggle_05,1780177600.0,1780177780.0,12.0,0.0,0.0,1.0,2.0,0.5,1.0,80.21,0.2778,1.0,0.0,0.0,180.0,0.9412,LOGIC_STRUGGLE,synthetic,generator
demo_logic_struggle_05,1780177630.0,1780177810.0,12.0,0.0,0.0,1.0,3.0,0.3333,1.0,80.21,0.2778,2.0,0.0,0.0,180.0,0.8947,LOGIC_STRUGGLE,synthetic,generator
demo_logic_struggle_05,1780177660.0,1780177840.0,14.0,0.0,0.0,1.0,2.0,0.5,1.0,0.0,0.2222,2.0,0.0,0.0,180.0,0.9,LOGIC_STRUGGLE,synthetic,generator
demo_logic_struggle_06,1780181440.0,1780181620.0,13.0,0.0,0.0,1.0,3.0,0.0,3.0,0.0,0.2778,2.0,0.0,0.0,180.0,0.8636,LOGIC_STRUGGLE,synthetic,generator
demo_logic_struggle_06,1780181470.0,1780181650.0,15.0,0.0,0.0,1.0,3.0,0.0,3.0,0.0,0.2778,2.0,0.0,0.0,180.0,0.913,LOGIC_STRUGGLE,synthetic,generator
demo_logic_struggle_06,1780181500.0,1780181680.0,16.0,0.0,0.0,1.0,3.0,0.0,3.0,0.0,0.2778,2.0,0.0,0.0,180.0,0.9167,LOGIC_STRUGGLE,synthetic,generator
demo_logic_struggle_06,1780181530.0,1780181710.0,16.0,0.0,0.0,1.0,3.0,0.0,3.0,0.0,0.2778,1.0,0.0,0.0,180.0,0.9565,LOGIC_STRUGGLE,synthetic,generator
demo_logic_struggle_06,1780181560.0,1780181740.0,14.0,0.0,0.0,1.0,4.0,0.0,4.0,0.0,0.2778,2.0,0.0,0.0,180.0,0.9167,LOGIC_STRUGGLE,synthetic,generator
demo_logic_struggle_06,1780181590.0,1780181770.0,15.0,0.0,0.0,1.0,3.0,0.0,3.0,0.0,0.2222,2.0,0.0,0.0,180.0,0.913,LOGIC_STRUGGLE,synthetic,generator
demo_logic_struggle_06,1780181620.0,1780181800.0,16.0,0.0,0.0,1.0,3.0,0.0,3.0,0.0,0.1111,1.0,0.0,0.0,180.0,0.9565,LOGIC_STRUGGLE,synthetic,generator
demo_logic_struggle_06,1780181650.0,1780181830.0,14.0,0.0,0.0,1.0,4.0,0.0,4.0,0.0,0.1111,1.0,0.0,0.0,180.0,0.9565,LOGIC_STRUGGLE,synthetic,generator
demo_logic_struggle_06,1780181680.0,1780181860.0,14.0,0.0,0.0,1.0,3.0,0.0,3.0,0.0,0.1111,2.0,0.0,0.0,180.0,0.9545,LOGIC_STRUGGLE,synthetic,generator
demo_logic_struggle_06,1780181710.0,1780181890.0,14.0,0.0,0.0,1.0,4.0,0.0,4.0,0.0,0.1111,2.0,0.0,0.0,180.0,0.9583,LOGIC_STRUGGLE,synthetic,generator
demo_logic_struggle_06,1780181740.0,1780181920.0,14.0,0.0,0.0,1.0,3.0,0.0,3.0,0.0,0.1667,2.0,0.0,0.0,180.0,0.9565,LOGIC_STRUGGLE,synthetic,generator
demo_logic_struggle_06,1780181770.0,1780181950.0,12.0,0.0,0.0,1.0,4.0,0.0,4.0,0.0,0.2222,2.0,0.0,0.0,180.0,0.9545,LOGIC_STRUGGLE,synthetic,generator
demo_logic_struggle_06,1780181800.0,1780181980.0,12.0,0.0,0.0,1.0,3.0,0.0,3.0,0.0,0.2222,2.0,0.0,0.0,180.0,0.95,LOGIC_STRUGGLE,synthetic,generator
demo_logic_struggle_06,1780181830.0,1780182010.0,13.0,0.0,0.0,1.0,3.0,0.0,3.0,0.0,0.1667,2.0,0.0,0.0,180.0,0.9524,LOGIC_STRUGGLE,synthetic,generator
demo_logic_struggle_06,1780181860.0,1780182040.0,12.0,0.0,0.0,1.0,3.0,0.0,3.0,0.0,0.2222,2.0,0.0,0.0,180.0,0.95,LOGIC_STRUGGLE,synthetic,generator
demo_logic_struggle_06,1780181890.0,1780182070.0,13.0,0.0,0.0,1.0,3.0,0.0,3.0,0.0,0.1667,2.0,0.0,0.0,180.0,0.9524,LOGIC_STRUGGLE,synthetic,generator
demo_logic_struggle_06,1780181920.0,1780182100.0,13.0,0.0,0.0,1.0,3.0,0.0,3.0,0.0,0.1111,2.0,0.0,0.0,180.0,1.0,LOGIC_STRUGGLE,synthetic,generator
demo_logic_struggle_06,1780181950.0,1780182130.0,14.0,0.0,0.0,1.0,3.0,0.0,3.0,0.0,0.1111,2.0,0.0,0.0,180.0,1.0,LOGIC_STRUGGLE,synthetic,generator
demo_logic_struggle_06,1780181980.0,1780182160.0,14.0,0.0,0.0,1.0,4.0,0.0,4.0,0.0,0.1667,2.0,0.0,0.0,180.0,1.0,LOGIC_STRUGGLE,synthetic,generator
demo_logic_struggle_07,1780185760.0,1780185940.0,12.0,0.0,0.0,1.0,4.0,0.25,3.0,131.05,0.2778,3.0,0.0,0.0,180.0,0.8333,LOGIC_STRUGGLE,synthetic,generator
demo_logic_struggle_07,1780185790.0,1780185970.0,12.0,0.0,0.0,1.0,4.0,0.25,3.0,131.05,0.2778,3.0,0.0,0.0,180.0,0.875,LOGIC_STRUGGLE,synthetic,generator
demo_logic_struggle_07,1780185820.0,1780186000.0,11.0,0.0,0.0,1.0,4.0,0.25,2.0,80.64,0.2778,3.0,0.0,0.0,180.0,0.8636,LOGIC_STRUGGLE,synthetic,generator
demo_logic_struggle_07,1780185850.0,1780186030.0,12.0,0.0,0.0,1.0,4.0,0.25,2.0,80.64,0.1667,4.0,0.0,0.0,180.0,0.8333,LOGIC_STRUGGLE,synthetic,generator
demo_logic_struggle_07,1780185880.0,1780186060.0,13.0,0.0,0.0,1.0,4.0,0.25,2.0,47.06,0.1111,3.0,0.0,0.0,180.0,0.875,LOGIC_STRUGGLE,synthetic,generator
demo_logic_struggle_07,1780185910.0,1780186090.0,13.0,0.0,0.0,1.0,3.0,0.3333,2.0,0.0,0.1667,3.0,0.0,0.0,180.0,0.8636,LOGIC_STRUGGLE,synthetic,generator
demo_logic_struggle_07,1780185940.0,1780186120.0,14.0,0.0,0.0,1.0,3.0,0.0,3.0,0.0,0.1667,4.0,0.0,0.0,180.0,0.875,LOGIC_STRUGGLE,synthetic,generator
demo_logic_struggle_07,1780185970.0,1780186150.0,15.0,0.0,0.0,1.0,3.0,0.0,3.0,0.0,0.1667,4.0,0.0,0.0,180.0,0.875,LOGIC_STRUGGLE,synthetic,generator
demo_logic_struggle_07,1780186000.0,1780186180.0,16.0,0.0,0.0,1.0,3.0,0.0,3.0,0.0,0.1667,4.0,0.0,0.0,180.0,0.9231,LOGIC_STRUGGLE,synthetic,generator
demo_logic_struggle_07,1780186030.0,1780186210.0,16.0,0.0,0.0,1.0,3.0,0.0,3.0,0.0,0.2222,3.0,0.0,0.0,180.0,0.96,LOGIC_STRUGGLE,synthetic,generator
demo_logic_struggle_07,1780186060.0,1780186240.0,15.0,0.0,0.0,1.0,3.0,0.0,3.0,0.0,0.2222,4.0,0.0,0.0,180.0,0.92,LOGIC_STRUGGLE,synthetic,generator
demo_logic_struggle_07,1780186090.0,1780186270.0,15.0,0.0,0.0,1.0,4.0,0.0,4.0,0.0,0.1667,4.0,0.0,0.0,180.0,0.963,LOGIC_STRUGGLE,synthetic,generator
demo_logic_struggle_07,1780186120.0,1780186300.0,14.0,0.0,0.0,1.0,3.0,0.0,3.0,0.0,0.1667,4.0,0.0,0.0,180.0,0.9167,LOGIC_STRUGGLE,synthetic,generator
demo_logic_struggle_07,1780186150.0,1780186330.0,13.0,0.0,0.0,1.0,4.0,0.0,4.0,0.0,0.1111,4.0,0.0,0.0,180.0,0.92,LOGIC_STRUGGLE,synthetic,generator
demo_logic_struggle_07,1780186180.0,1780186360.0,12.0,0.0,0.0,1.0,3.0,0.0,3.0,0.0,0.1667,3.0,0.0,0.0,180.0,0.9048,LOGIC_STRUGGLE,synthetic,generator
demo_logic_struggle_07,1780186210.0,1780186390.0,12.0,0.0,0.0,1.0,4.0,0.0,4.0,0.0,0.1667,4.0,0.0,0.0,180.0,0.9167,LOGIC_STRUGGLE,synthetic,generator
demo_logic_struggle_07,1780186240.0,1780186420.0,12.0,0.0,0.0,1.0,4.0,0.25,3.0,141.1,0.1667,4.0,0.0,0.0,180.0,0.9583,LOGIC_STRUGGLE,synthetic,generator
demo_logic_struggle_07,1780186270.0,1780186450.0,12.0,0.0,0.0,1.0,3.0,0.3333,2.0,101.93,0.2222,3.0,0.0,0.0,180.0,0.9524,LOGIC_STRUGGLE,synthetic,generator
demo_logic_struggle_07,1780186300.0,1780186480.0,13.0,0.0,0.0,1.0,4.0,0.25,2.0,101.93,0.1667,3.0,0.0,0.0,180.0,1.0,LOGIC_STRUGGLE,synthetic,generator
demo_logic_struggle_08,1780190080.0,1780190260.0,15.0,0.0,0.0,1.0,2.0,0.0,2.0,0.0,0.1111,2.0,0.0,0.0,180.0,0.9545,LOGIC_STRUGGLE,synthetic,generator
demo_logic_struggle_08,1780190110.0,1780190290.0,17.0,0.0,0.0,1.0,3.0,0.0,3.0,0.0,0.0556,2.0,0.0,0.0,180.0,1.0,LOGIC_STRUGGLE,synthetic,generator
demo_logic_struggle_08,1780190140.0,1780190320.0,16.0,0.0,0.0,1.0,2.0,0.0,2.0,0.0,0.1111,2.0,0.0,0.0,180.0,1.0,LOGIC_STRUGGLE,synthetic,generator
demo_logic_struggle_08,1780190170.0,1780190350.0,17.0,0.0,0.0,1.0,3.0,0.0,3.0,0.0,0.1111,3.0,0.0,0.0,180.0,0.9615,LOGIC_STRUGGLE,synthetic,generator
demo_logic_struggle_08,1780190200.0,1780190380.0,16.0,0.0,0.0,1.0,2.0,0.0,2.0,0.0,0.1667,2.0,0.0,0.0,180.0,0.9545,LOGIC_STRUGGLE,synthetic,generator
demo_logic_struggle_08,1780190230.0,1780190410.0,17.0,0.0,0.0,1.0,3.0,0.0,3.0,0.0,0.1111,2.0,0.0,0.0,180.0,0.96,LOGIC_STRUGGLE,synthetic,generator
demo_logic_struggle_08,1780190260.0,1780190440.0,16.0,0.0,0.0,1.0,3.0,0.0,3.0,0.0,0.1667,1.0,0.0,0.0,180.0,0.9565,LOGIC_STRUGGLE,synthetic,generator
demo_logic_struggle_08,1780190290.0,1780190470.0,16.0,0.0,0.0,1.0,2.0,0.0,2.0,0.0,0.1667,2.0,0.0,0.0,180.0,0.9545,LOGIC_STRUGGLE,synthetic,generator
demo_logic_struggle_08,1780190320.0,1780190500.0,18.0,0.0,0.0,1.0,3.0,0.0,3.0,0.0,0.1111,2.0,0.0,0.0,180.0,0.9615,LOGIC_STRUGGLE,synthetic,generator
demo_logic_struggle_08,1780190350.0,1780190530.0,17.0,0.0,0.0,1.0,2.0,0.0,2.0,0.0,0.1111,1.0,0.0,0.0,180.0,1.0,LOGIC_STRUGGLE,synthetic,generator
demo_logic_struggle_08,1780190380.0,1780190560.0,18.0,0.0,0.0,1.0,3.0,0.3333,2.0,129.25,0.0556,2.0,0.0,0.0,180.0,0.9615,LOGIC_STRUGGLE,synthetic,generator
demo_logic_struggle_08,1780190410.0,1780190590.0,18.0,0.0,0.0,1.0,2.0,0.5,1.0,52.53,0.0556,2.0,0.0,0.0,180.0,0.9583,LOGIC_STRUGGLE,synthetic,generator
demo_logic_struggle_08,1780190440.0,1780190620.0,19.0,0.0,0.0,1.0,3.0,0.3333,1.0,52.53,0.0,2.0,0.0,0.0,180.0,0.963,LOGIC_STRUGGLE,synthetic,generator
demo_logic_struggle_08,1780190470.0,1780190650.0,19.0,0.0,0.0,1.0,3.0,0.3333,1.0,52.53,0.0,1.0,0.0,0.0,180.0,0.9615,LOGIC_STRUGGLE,synthetic,generator
demo_logic_struggle_08,1780190500.0,1780190680.0,17.0,0.0,0.0,1.0,3.0,0.3333,2.0,0.0,0.0556,2.0,0.0,0.0,180.0,0.92,LOGIC_STRUGGLE,synthetic,generator
demo_logic_struggle_08,1780190530.0,1780190710.0,18.0,0.0,0.0,1.0,3.0,0.3333,2.0,0.0,0.0556,2.0,0.0,0.0,180.0,0.9231,LOGIC_STRUGGLE,synthetic,generator
demo_logic_struggle_08,1780190560.0,1780190740.0,18.0,0.0,0.0,1.0,2.0,0.0,2.0,0.0,0.0556,1.0,0.0,0.0,180.0,0.9565,LOGIC_STRUGGLE,synthetic,generator
demo_logic_struggle_08,1780190590.0,1780190770.0,17.0,0.0,0.0,1.0,3.0,0.0,3.0,0.0,0.0556,1.0,0.0,0.0,180.0,0.9583,LOGIC_STRUGGLE,synthetic,generator
demo_logic_struggle_08,1780190620.0,1780190800.0,17.0,0.0,0.0,1.0,2.0,0.0,2.0,0.0,0.0556,2.0,0.0,0.0,180.0,0.913,LOGIC_STRUGGLE,synthetic,generator
demo_logic_struggle_09,1780194400.0,1780194580.0,15.0,0.0,0.0,1.0,2.0,0.0,2.0,0.0,0.1667,2.0,0.0,0.0,180.0,0.9091,LOGIC_STRUGGLE,synthetic,generator
demo_logic_struggle_09,1780194430.0,1780194610.0,17.0,0.0,0.0,1.0,3.0,0.0,3.0,0.0,0.1111,2.0,0.0,0.0,180.0,0.96,LOGIC_STRUGGLE,synthetic,generator
demo_logic_struggle_09,1780194460.0,1780194640.0,18.0,0.0,0.0,1.0,2.0,0.0,2.0,0.0,0.1111,2.0,0.0,0.0,180.0,0.9583,LOGIC_STRUGGLE,synthetic,generator
demo_logic_struggle_09,1780194490.0,1780194670.0,18.0,0.0,0.0,1.0,2.0,0.0,2.0,0.0,0.1111,2.0,0.0,0.0,180.0,0.96,LOGIC_STRUGGLE,synthetic,generator
demo_logic_struggle_09,1780194520.0,1780194700.0,17.0,0.0,0.0,1.0,2.0,0.0,2.0,0.0,0.1111,3.0,0.0,0.0,180.0,0.9583,LOGIC_STRUGGLE,synthetic,generator
demo_logic_struggle_09,1780194550.0,1780194730.0,17.0,0.0,0.0,1.0,3.0,0.0,3.0,0.0,0.0556,3.0,0.0,0.0,180.0,0.9615,LOGIC_STRUGGLE,synthetic,generator
demo_logic_struggle_09,1780194580.0,1780194760.0,17.0,0.0,0.0,1.0,3.0,0.0,3.0,0.0,0.0556,3.0,0.0,0.0,180.0,0.9231,LOGIC_STRUGGLE,synthetic,generator
demo_logic_struggle_09,1780194610.0,1780194790.0,16.0,2.0,14.0,0.875,3.0,0.3333,2.0,100.35,0.0556,3.0,1.0,1.0,22.9,0.7308,LOGIC_STRUGGLE,synthetic,generator
demo_logic_struggle_09,1780194640.0,1780194820.0,15.0,5.0,10.0,0.6667,3.0,0.3333,2.0,100.35,0.0556,3.0,1.0,1.0,52.9,0.6,LOGIC_STRUGGLE,synthetic,generator
demo_logic_struggle_09,1780194670.0,1780194850.0,14.0,7.0,7.0,0.5,4.0,0.25,2.0,100.35,0.0556,3.0,1.0,1.0,82.9,0.56,LOGIC_STRUGGLE,synthetic,generator
demo_logic_struggle_09,1780194700.0,1780194880.0,15.0,10.0,5.0,0.6667,3.0,0.3333,1.0,47.9,0.0556,3.0,1.0,1.0,112.9,0.68,LOGIC_STRUGGLE,synthetic,generator
demo_logic_struggle_09,1780194730.0,1780194910.0,17.0,14.0,3.0,0.8235,3.0,0.3333,2.0,0.0,0.0556,3.0,1.0,1.0,142.9,0.8519,LOGIC_STRUGGLE,synthetic,generator
demo_logic_struggle_09,1780194760.0,1780194940.0,16.0,16.0,0.0,1.0,3.0,0.3333,2.0,0.0,0.1111,2.0,1.0,1.0,172.9,0.96,LOGIC_STRUGGLE,synthetic,generator
demo_logic_struggle_09,1780194790.0,1780194970.0,17.0,17.0,0.0,1.0,2.0,0.0,2.0,0.0,0.1111,3.0,1.0,0.0,202.9,0.9583,LOGIC_STRUGGLE,synthetic,generator
demo_logic_struggle_09,1780194820.0,1780195000.0,17.0,17.0,0.0,1.0,3.0,0.0,3.0,0.0,0.1111,2.0,1.0,0.0,232.9,0.96,LOGIC_STRUGGLE,synthetic,generator
demo_logic_struggle_09,1780194850.0,1780195030.0,18.0,18.0,0.0,1.0,2.0,0.0,2.0,0.0,0.0556,2.0,1.0,0.0,262.9,0.9583,LOGIC_STRUGGLE,synthetic,generator
demo_logic_struggle_09,1780194880.0,1780195060.0,18.0,18.0,0.0,1.0,3.0,0.0,3.0,0.0,0.0556,1.0,0.0,0.0,292.9,1.0,LOGIC_STRUGGLE,synthetic,generator
demo_logic_struggle_09,1780194910.0,1780195090.0,16.0,16.0,0.0,1.0,2.0,0.0,2.0,0.0,0.0556,2.0,1.0,0.0,322.9,0.9545,LOGIC_STRUGGLE,synthetic,generator
demo_logic_struggle_09,1780194940.0,1780195120.0,17.0,17.0,0.0,1.0,3.0,0.0,3.0,0.0,0.0556,3.0,1.0,0.0,352.9,0.9615,LOGIC_STRUGGLE,synthetic,generator
demo_logic_struggle_10,1780198720.0,1780198900.0,13.0,0.0,0.0,1.0,2.0,0.0,2.0,0.0,0.2778,2.0,0.0,0.0,180.0,0.9,LOGIC_STRUGGLE,synthetic,generator
demo_logic_struggle_10,1780198750.0,1780198930.0,12.0,0.0,0.0,1.0,2.0,0.0,2.0,0.0,0.2778,3.0,0.0,0.0,180.0,0.9474,LOGIC_STRUGGLE,synthetic,generator
demo_logic_struggle_10,1780198780.0,1780198960.0,13.0,0.0,0.0,1.0,3.0,0.0,3.0,0.0,0.1667,2.0,0.0,0.0,180.0,1.0,LOGIC_STRUGGLE,synthetic,generator
demo_logic_struggle_10,1780198810.0,1780198990.0,14.0,0.0,0.0,1.0,2.0,0.0,2.0,0.0,0.1111,3.0,0.0,0.0,180.0,0.9524,LOGIC_STRUGGLE,synthetic,generator
demo_logic_struggle_10,1780198840.0,1780199020.0,12.0,0.0,0.0,1.0,2.0,0.0,2.0,0.0,0.2222,2.0,0.0,0.0,180.0,0.9444,LOGIC_STRUGGLE,synthetic,generator
demo_logic_struggle_10,1780198870.0,1780199050.0,13.0,0.0,0.0,1.0,2.0,0.0,2.0,0.0,0.2222,3.0,0.0,0.0,180.0,0.9,LOGIC_STRUGGLE,synthetic,generator
demo_logic_struggle_10,1780198900.0,1780199080.0,12.0,0.0,0.0,1.0,3.0,0.0,3.0,0.0,0.1667,4.0,0.0,0.0,180.0,0.9091,LOGIC_STRUGGLE,synthetic,generator
demo_logic_struggle_10,1780198930.0,1780199110.0,12.0,0.0,0.0,1.0,3.0,0.0,3.0,0.0,0.2222,3.0,0.0,0.0,180.0,0.9048,LOGIC_STRUGGLE,synthetic,generator
demo_logic_struggle_10,1780198960.0,1780199140.0,13.0,0.0,0.0,1.0,3.0,0.0,3.0,0.0,0.2222,4.0,0.0,0.0,180.0,0.8696,LOGIC_STRUGGLE,synthetic,generator
demo_logic_struggle_10,1780198990.0,1780199170.0,12.0,0.0,0.0,1.0,3.0,0.0,3.0,0.0,0.2778,3.0,0.0,0.0,180.0,0.9048,LOGIC_STRUGGLE,synthetic,generator
demo_logic_struggle_10,1780199020.0,1780199200.0,13.0,0.0,0.0,1.0,3.0,0.0,3.0,0.0,0.1667,4.0,0.0,0.0,180.0,0.8696,LOGIC_STRUGGLE,synthetic,generator
demo_logic_struggle_10,1780199050.0,1780199230.0,12.0,0.0,0.0,1.0,2.0,0.0,2.0,0.0,0.2222,3.0,0.0,0.0,180.0,0.8947,LOGIC_STRUGGLE,synthetic,generator
demo_logic_struggle_10,1780199080.0,1780199260.0,11.0,0.0,0.0,1.0,2.0,0.0,2.0,0.0,0.2222,3.0,0.0,0.0,180.0,0.8889,LOGIC_STRUGGLE,synthetic,generator
demo_logic_struggle_10,1780199110.0,1780199290.0,12.0,0.0,0.0,1.0,2.0,0.0,2.0,0.0,0.1667,3.0,0.0,0.0,180.0,0.8947,LOGIC_STRUGGLE,synthetic,generator
demo_logic_struggle_10,1780199140.0,1780199320.0,10.0,0.0,0.0,1.0,2.0,0.0,2.0,0.0,0.2222,2.0,0.0,0.0,180.0,0.9375,LOGIC_STRUGGLE,synthetic,generator
demo_logic_struggle_10,1780199170.0,1780199350.0,10.0,0.0,0.0,1.0,2.0,0.0,2.0,0.0,0.2222,3.0,0.0,0.0,180.0,0.8824,LOGIC_STRUGGLE,synthetic,generator
demo_logic_struggle_10,1780199200.0,1780199380.0,11.0,0.0,0.0,1.0,2.0,0.0,2.0,0.0,0.2222,3.0,0.0,0.0,180.0,0.8889,LOGIC_STRUGGLE,synthetic,generator
demo_logic_struggle_10,1780199230.0,1780199410.0,11.0,0.0,0.0,1.0,3.0,0.0,3.0,0.0,0.1667,4.0,0.0,0.0,180.0,0.8571,LOGIC_STRUGGLE,synthetic,generator
demo_logic_struggle_10,1780199260.0,1780199440.0,12.0,0.0,0.0,1.0,2.0,0.0,2.0,0.0,0.2222,4.0,0.0,0.0,180.0,0.85,LOGIC_STRUGGLE,synthetic,generator
demo_logic_struggle_11,1780203040.0,1780203220.0,16.0,0.0,0.0,1.0,2.0,0.0,2.0,0.0,0.1111,2.0,0.0,0.0,180.0,0.875,LOGIC_STRUGGLE,synthetic,generator
demo_logic_struggle_11,1780203070.0,1780203250.0,16.0,0.0,0.0,1.0,3.0,0.0,3.0,0.0,0.1111,2.0,0.0,0.0,180.0,0.9167,LOGIC_STRUGGLE,synthetic,generator
demo_logic_struggle_11,1780203100.0,1780203280.0,16.0,0.0,0.0,1.0,3.0,0.0,3.0,0.0,0.1111,2.0,0.0,0.0,180.0,0.9167,LOGIC_STRUGGLE,synthetic,generator
demo_logic_struggle_11,1780203130.0,1780203310.0,16.0,0.0,0.0,1.0,3.0,0.0,3.0,0.0,0.1667,2.0,0.0,0.0,180.0,0.9167,LOGIC_STRUGGLE,synthetic,generator
demo_logic_struggle_11,1780203160.0,1780203340.0,15.0,0.0,0.0,1.0,3.0,0.0,3.0,0.0,0.1667,1.0,0.0,0.0,180.0,0.9545,LOGIC_STRUGGLE,synthetic,generator
demo_logic_struggle_11,1780203190.0,1780203370.0,14.0,0.0,0.0,1.0,3.0,0.0,3.0,0.0,0.2222,1.0,0.0,0.0,180.0,0.9524,LOGIC_STRUGGLE,synthetic,generator
demo_logic_struggle_11,1780203220.0,1780203400.0,14.0,0.0,0.0,1.0,3.0,0.0,3.0,0.0,0.2222,2.0,0.0,0.0,180.0,0.9048,LOGIC_STRUGGLE,synthetic,generator
demo_logic_struggle_11,1780203250.0,1780203430.0,14.0,0.0,0.0,1.0,2.0,0.0,2.0,0.0,0.2778,2.0,0.0,0.0,180.0,0.9,LOGIC_STRUGGLE,synthetic,generator
demo_logic_struggle_11,1780203280.0,1780203460.0,15.0,0.0,0.0,1.0,3.0,0.0,3.0,0.0,0.2222,3.0,0.0,0.0,180.0,0.9167,LOGIC_STRUGGLE,synthetic,generator
demo_logic_struggle_11,1780203310.0,1780203490.0,15.0,0.0,0.0,1.0,2.0,0.0,2.0,0.0,0.1667,2.0,0.0,0.0,180.0,0.9524,LOGIC_STRUGGLE,synthetic,generator
demo_logic_struggle_11,1780203340.0,1780203520.0,15.0,0.0,0.0,1.0,2.0,0.0,2.0,0.0,0.2222,2.0,0.0,0.0,180.0,0.9524,LOGIC_STRUGGLE,synthetic,generator
demo_logic_struggle_11,1780203370.0,1780203550.0,16.0,0.0,0.0,1.0,2.0,0.0,2.0,0.0,0.1667,2.0,0.0,0.0,180.0,0.9545,LOGIC_STRUGGLE,synthetic,generator
demo_logic_struggle_11,1780203400.0,1780203580.0,16.0,0.0,0.0,1.0,2.0,0.0,2.0,0.0,0.2222,2.0,0.0,0.0,180.0,0.9545,LOGIC_STRUGGLE,synthetic,generator
demo_logic_struggle_11,1780203430.0,1780203610.0,16.0,0.0,0.0,1.0,2.0,0.0,2.0,0.0,0.2222,2.0,0.0,0.0,180.0,0.9545,LOGIC_STRUGGLE,synthetic,generator
demo_logic_struggle_11,1780203460.0,1780203640.0,17.0,0.0,0.0,1.0,2.0,0.0,2.0,0.0,0.2222,1.0,0.0,0.0,180.0,0.9545,LOGIC_STRUGGLE,synthetic,generator
demo_logic_struggle_11,1780203490.0,1780203670.0,16.0,0.0,0.0,1.0,2.0,0.0,2.0,0.0,0.2778,2.0,0.0,0.0,180.0,0.9545,LOGIC_STRUGGLE,synthetic,generator
demo_logic_struggle_11,1780203520.0,1780203700.0,17.0,0.0,0.0,1.0,2.0,0.0,2.0,0.0,0.1667,2.0,0.0,0.0,180.0,0.9565,LOGIC_STRUGGLE,synthetic,generator
demo_logic_struggle_11,1780203550.0,1780203730.0,17.0,0.0,0.0,1.0,2.0,0.0,2.0,0.0,0.1667,3.0,0.0,0.0,180.0,0.9167,LOGIC_STRUGGLE,synthetic,generator
demo_logic_struggle_11,1780203580.0,1780203760.0,17.0,0.0,0.0,1.0,3.0,0.0,3.0,0.0,0.1111,2.0,0.0,0.0,180.0,0.96,LOGIC_STRUGGLE,synthetic,generator
demo_disengaged_00,1780207360.0,1780207540.0,4.0,0.0,0.0,1.0,0.0,0.5,0.0,0.0,0.7222,0.0,0.0,0.0,180.0,0.8,DISENGAGED,synthetic,generator
demo_disengaged_00,1780207390.0,1780207570.0,3.0,0.0,0.0,1.0,0.0,0.5,0.0,0.0,0.8333,0.0,0.0,0.0,180.0,1.0,DISENGAGED,synthetic,generator
demo_disengaged_00,1780207420.0,1780207600.0,4.0,0.0,0.0,1.0,0.0,0.5,0.0,0.0,0.7778,0.0,0.0,0.0,180.0,1.0,DISENGAGED,synthetic,generator
demo_disengaged_00,1780207450.0,1780207630.0,3.0,0.0,0.0,1.0,0.0,0.5,0.0,0.0,0.8333,0.0,0.0,0.0,180.0,1.0,DISENGAGED,synthetic,generator
demo_disengaged_00,1780207480.0,1780207660.0,4.0,0.0,0.0,1.0,0.0,0.5,0.0,0.0,0.7778,0.0,0.0,0.0,180.0,1.0,DISENGAGED,synthetic,generator
demo_disengaged_00,1780207510.0,1780207690.0,4.0,0.0,0.0,1.0,0.0,0.5,0.0,0.0,0.7778,0.0,0.0,0.0,180.0,1.0,DISENGAGED,synthetic,generator
demo_disengaged_00,1780207540.0,1780207720.0,3.0,0.0,0.0,1.0,0.0,0.5,0.0,0.0,0.8333,0.0,0.0,0.0,180.0,1.0,DISENGAGED,synthetic,generator
demo_disengaged_00,1780207570.0,1780207750.0,4.0,0.0,0.0,1.0,0.0,0.5,0.0,0.0,0.7222,1.0,0.0,0.0,180.0,1.0,DISENGAGED,synthetic,generator
demo_disengaged_00,1780207600.0,1780207780.0,3.0,0.0,0.0,1.0,0.0,0.5,0.0,0.0,0.7778,1.0,0.0,0.0,180.0,1.0,DISENGAGED,synthetic,generator
demo_disengaged_00,1780207630.0,1780207810.0,4.0,0.0,0.0,1.0,0.0,0.5,0.0,0.0,0.7222,1.0,0.0,0.0,180.0,1.0,DISENGAGED,synthetic,generator
demo_disengaged_00,1780207660.0,1780207840.0,4.0,0.0,0.0,1.0,0.0,0.5,0.0,0.0,0.7222,1.0,0.0,0.0,180.0,1.0,DISENGAGED,synthetic,generator
demo_disengaged_00,1780207690.0,1780207870.0,3.0,0.0,0.0,1.0,0.0,0.5,0.0,0.0,0.7778,1.0,0.0,0.0,180.0,1.0,DISENGAGED,synthetic,generator
demo_disengaged_00,1780207720.0,1780207900.0,4.0,0.0,0.0,1.0,0.0,0.5,0.0,0.0,0.7222,1.0,0.0,0.0,180.0,1.0,DISENGAGED,synthetic,generator
demo_disengaged_00,1780207750.0,1780207930.0,4.0,0.0,0.0,1.0,0.0,0.5,0.0,0.0,0.7778,0.0,0.0,0.0,180.0,1.0,DISENGAGED,synthetic,generator
demo_disengaged_00,1780207780.0,1780207960.0,5.0,0.0,0.0,1.0,1.0,1.0,0.0,0.0,0.7222,0.0,0.0,0.0,180.0,1.0,DISENGAGED,synthetic,generator
demo_disengaged_00,1780207810.0,1780207990.0,5.0,0.0,0.0,1.0,1.0,1.0,0.0,0.0,0.7222,0.0,0.0,0.0,180.0,1.0,DISENGAGED,synthetic,generator
demo_disengaged_00,1780207840.0,1780208020.0,4.0,0.0,0.0,1.0,1.0,1.0,0.0,0.0,0.7778,0.0,0.0,0.0,180.0,1.0,DISENGAGED,synthetic,generator
demo_disengaged_00,1780207870.0,1780208050.0,5.0,0.0,0.0,1.0,1.0,1.0,0.0,0.0,0.7222,0.0,0.0,0.0,180.0,1.0,DISENGAGED,synthetic,generator
demo_disengaged_01,1780211680.0,1780211860.0,3.0,0.0,0.0,1.0,0.0,0.5,0.0,0.0,0.7778,0.0,0.0,0.0,180.0,0.75,DISENGAGED,synthetic,generator
demo_disengaged_01,1780211710.0,1780211890.0,3.0,0.0,0.0,1.0,0.0,0.5,0.0,0.0,0.8333,0.0,0.0,0.0,180.0,1.0,DISENGAGED,synthetic,generator
demo_disengaged_01,1780211740.0,1780211920.0,3.0,0.0,0.0,1.0,0.0,0.5,0.0,0.0,0.8333,0.0,0.0,0.0,180.0,1.0,DISENGAGED,synthetic,generator
demo_disengaged_01,1780211770.0,1780211950.0,3.0,0.0,0.0,1.0,0.0,0.5,0.0,0.0,0.8333,0.0,0.0,0.0,180.0,1.0,DISENGAGED,synthetic,generator
demo_disengaged_01,1780211800.0,1780211980.0,4.0,0.0,0.0,1.0,0.0,0.5,0.0,0.0,0.7778,0.0,0.0,0.0,180.0,1.0,DISENGAGED,synthetic,generator
demo_disengaged_01,1780211830.0,1780212010.0,4.0,0.0,0.0,1.0,0.0,0.5,0.0,0.0,0.7778,0.0,0.0,0.0,180.0,1.0,DISENGAGED,synthetic,generator
demo_disengaged_01,1780211860.0,1780212040.0,4.0,0.0,0.0,1.0,0.0,0.5,0.0,0.0,0.7778,0.0,0.0,0.0,180.0,1.0,DISENGAGED,synthetic,generator
demo_disengaged_01,1780211890.0,1780212070.0,3.0,0.0,0.0,1.0,0.0,0.5,0.0,0.0,0.8333,0.0,0.0,0.0,180.0,1.0,DISENGAGED,synthetic,generator
demo_disengaged_01,1780211920.0,1780212100.0,4.0,0.0,0.0,1.0,0.0,0.5,0.0,0.0,0.7778,0.0,0.0,0.0,180.0,1.0,DISENGAGED,synthetic,generator
demo_disengaged_01,1780211950.0,1780212130.0,4.0,0.0,0.0,1.0,0.0,0.5,0.0,0.0,0.7778,0.0,0.0,0.0,180.0,1.0,DISENGAGED,synthetic,generator
demo_disengaged_01,1780211980.0,1780212160.0,3.0,0.0,0.0,1.0,0.0,0.5,0.0,0.0,0.8333,0.0,0.0,0.0,180.0,1.0,DISENGAGED,synthetic,generator
demo_disengaged_01,1780212010.0,1780212190.0,3.0,0.0,0.0,1.0,0.0,0.5,0.0,0.0,0.8333,0.0,0.0,0.0,180.0,1.0,DISENGAGED,synthetic,generator
demo_disengaged_01,1780212040.0,1780212220.0,3.0,0.0,0.0,1.0,0.0,0.5,0.0,0.0,0.8333,0.0,0.0,0.0,180.0,1.0,DISENGAGED,synthetic,generator
demo_disengaged_01,1780212070.0,1780212250.0,4.0,0.0,0.0,1.0,1.0,1.0,0.0,0.0,0.7778,0.0,0.0,0.0,180.0,1.0,DISENGAGED,synthetic,generator
demo_disengaged_01,1780212100.0,1780212280.0,3.0,0.0,0.0,1.0,1.0,1.0,0.0,0.0,0.8333,0.0,0.0,0.0,180.0,1.0,DISENGAGED,synthetic,generator
demo_disengaged_01,1780212130.0,1780212310.0,2.0,0.0,0.0,1.0,1.0,1.0,0.0,0.0,0.8889,0.0,0.0,0.0,180.0,1.0,DISENGAGED,synthetic,generator
demo_disengaged_01,1780212160.0,1780212340.0,3.0,0.0,0.0,1.0,1.0,1.0,0.0,0.0,0.8333,0.0,0.0,0.0,180.0,1.0,DISENGAGED,synthetic,generator
demo_disengaged_01,1780212190.0,1780212370.0,3.0,0.0,0.0,1.0,1.0,1.0,0.0,0.0,0.8333,0.0,0.0,0.0,180.0,1.0,DISENGAGED,synthetic,generator
demo_disengaged_01,1780212220.0,1780212400.0,3.0,0.0,0.0,1.0,1.0,1.0,0.0,0.0,0.8333,0.0,0.0,0.0,180.0,1.0,DISENGAGED,synthetic,generator
demo_disengaged_02,1780216000.0,1780216180.0,4.0,0.0,0.0,1.0,0.0,0.5,0.0,0.0,0.7222,0.0,0.0,0.0,180.0,0.8,DISENGAGED,synthetic,generator
demo_disengaged_02,1780216030.0,1780216210.0,3.0,0.0,0.0,1.0,0.0,0.5,0.0,0.0,0.8333,0.0,0.0,0.0,180.0,1.0,DISENGAGED,synthetic,generator
demo_disengaged_02,1780216060.0,1780216240.0,4.0,0.0,0.0,1.0,0.0,0.5,0.0,0.0,0.7778,0.0,0.0,0.0,180.0,1.0,DISENGAGED,synthetic,generator
demo_disengaged_02,1780216090.0,1780216270.0,4.0,0.0,0.0,1.0,0.0,0.5,0.0,0.0,0.7778,0.0,0.0,0.0,180.0,1.0,DISENGAGED,synthetic,generator
demo_disengaged_02,1780216120.0,1780216300.0,3.0,0.0,0.0,1.0,0.0,0.5,0.0,0.0,0.8333,0.0,0.0,0.0,180.0,1.0,DISENGAGED,synthetic,generator
demo_disengaged_02,1780216150.0,1780216330.0,3.0,0.0,0.0,1.0,0.0,0.5,0.0,0.0,0.8333,0.0,0.0,0.0,180.0,1.0,DISENGAGED,synthetic,generator
demo_disengaged_02,1780216180.0,1780216360.0,3.0,0.0,0.0,1.0,0.0,0.5,0.0,0.0,0.8333,0.0,0.0,0.0,180.0,1.0,DISENGAGED,synthetic,generator
demo_disengaged_02,1780216210.0,1780216390.0,3.0,0.0,0.0,1.0,0.0,0.5,0.0,0.0,0.8333,0.0,0.0,0.0,180.0,1.0,DISENGAGED,synthetic,generator
demo_disengaged_02,1780216240.0,1780216420.0,3.0,0.0,0.0,1.0,0.0,0.5,0.0,0.0,0.8333,0.0,0.0,0.0,180.0,1.0,DISENGAGED,synthetic,generator
demo_disengaged_02,1780216270.0,1780216450.0,2.0,0.0,0.0,1.0,1.0,1.0,0.0,0.0,0.8333,0.0,0.0,0.0,180.0,1.0,DISENGAGED,synthetic,generator
demo_disengaged_02,1780216300.0,1780216480.0,3.0,0.0,0.0,1.0,1.0,1.0,0.0,0.0,0.7778,0.0,0.0,0.0,180.0,1.0,DISENGAGED,synthetic,generator
demo_disengaged_02,1780216330.0,1780216510.0,3.0,0.0,0.0,1.0,1.0,1.0,0.0,0.0,0.7778,0.0,0.0,0.0,180.0,1.0,DISENGAGED,synthetic,generator
demo_disengaged_02,1780216360.0,1780216540.0,3.0,0.0,0.0,1.0,1.0,1.0,0.0,0.0,0.7778,0.0,0.0,0.0,180.0,1.0,DISENGAGED,synthetic,generator
demo_disengaged_02,1780216390.0,1780216570.0,3.0,0.0,0.0,1.0,1.0,1.0,0.0,0.0,0.7778,0.0,0.0,0.0,180.0,1.0,DISENGAGED,synthetic,generator
demo_disengaged_02,1780216420.0,1780216600.0,3.0,0.0,0.0,1.0,1.0,1.0,0.0,0.0,0.7778,0.0,0.0,0.0,180.0,1.0,DISENGAGED,synthetic,generator
demo_disengaged_02,1780216450.0,1780216630.0,4.0,0.0,0.0,1.0,0.0,0.5,0.0,0.0,0.7778,0.0,0.0,0.0,180.0,1.0,DISENGAGED,synthetic,generator
demo_disengaged_02,1780216480.0,1780216660.0,3.0,0.0,0.0,1.0,0.0,0.5,0.0,0.0,0.8333,0.0,0.0,0.0,180.0,1.0,DISENGAGED,synthetic,generator
demo_disengaged_02,1780216510.0,1780216690.0,4.0,0.0,0.0,1.0,0.0,0.5,0.0,0.0,0.7778,0.0,0.0,0.0,180.0,1.0,DISENGAGED,synthetic,generator
demo_disengaged_03,1780220320.0,1780220500.0,6.0,0.0,0.0,1.0,0.0,0.5,0.0,0.0,0.6667,0.0,0.0,0.0,180.0,0.8571,DISENGAGED,synthetic,generator
demo_disengaged_03,1780220350.0,1780220530.0,5.0,0.0,0.0,1.0,0.0,0.5,0.0,0.0,0.7222,0.0,0.0,0.0,180.0,1.0,DISENGAGED,synthetic,generator
demo_disengaged_03,1780220380.0,1780220560.0,5.0,0.0,0.0,1.0,0.0,0.5,0.0,0.0,0.7222,0.0,0.0,0.0,180.0,1.0,DISENGAGED,synthetic,generator
demo_disengaged_03,1780220410.0,1780220590.0,5.0,0.0,0.0,1.0,0.0,0.5,0.0,0.0,0.7222,0.0,0.0,0.0,180.0,1.0,DISENGAGED,synthetic,generator
demo_disengaged_03,1780220440.0,1780220620.0,4.0,0.0,0.0,1.0,0.0,0.5,0.0,0.0,0.7778,0.0,0.0,0.0,180.0,1.0,DISENGAGED,synthetic,generator
demo_disengaged_03,1780220470.0,1780220650.0,4.0,0.0,0.0,1.0,0.0,0.5,0.0,0.0,0.7778,0.0,0.0,0.0,180.0,1.0,DISENGAGED,synthetic,generator
demo_disengaged_03,1780220500.0,1780220680.0,3.0,0.0,0.0,1.0,1.0,1.0,0.0,0.0,0.7778,0.0,0.0,0.0,180.0,1.0,DISENGAGED,synthetic,generator
demo_disengaged_03,1780220530.0,1780220710.0,4.0,0.0,0.0,1.0,1.0,1.0,0.0,0.0,0.7222,0.0,0.0,0.0,180.0,1.0,DISENGAGED,synthetic,generator
demo_disengaged_03,1780220560.0,1780220740.0,4.0,0.0,0.0,1.0,1.0,1.0,0.0,0.0,0.7222,0.0,0.0,0.0,180.0,1.0,DISENGAGED,synthetic,generator
demo_disengaged_03,1780220590.0,1780220770.0,4.0,0.0,0.0,1.0,1.0,1.0,0.0,0.0,0.7222,0.0,0.0,0.0,180.0,1.0,DISENGAGED,synthetic,generator
demo_disengaged_03,1780220620.0,1780220800.0,5.0,0.0,0.0,1.0,1.0,1.0,0.0,0.0,0.6667,0.0,0.0,0.0,180.0,1.0,DISENGAGED,synthetic,generator
demo_disengaged_03,1780220650.0,1780220830.0,4.0,0.0,0.0,1.0,1.0,1.0,0.0,0.0,0.7222,0.0,0.0,0.0,180.0,1.0,DISENGAGED,synthetic,generator
demo_disengaged_03,1780220680.0,1780220860.0,5.0,0.0,0.0,1.0,0.0,0.5,0.0,0.0,0.7222,0.0,0.0,0.0,180.0,1.0,DISENGAGED,synthetic,generator
demo_disengaged_03,1780220710.0,1780220890.0,4.0,0.0,0.0,1.0,0.0,0.5,0.0,0.0,0.7778,0.0,0.0,0.0,180.0,1.0,DISENGAGED,synthetic,generator
demo_disengaged_03,1780220740.0,1780220920.0,4.0,0.0,0.0,1.0,0.0,0.5,0.0,0.0,0.7778,0.0,0.0,0.0,180.0,1.0,DISENGAGED,synthetic,generator
demo_disengaged_03,1780220770.0,1780220950.0,3.0,0.0,0.0,1.0,0.0,0.5,0.0,0.0,0.8333,0.0,0.0,0.0,180.0,1.0,DISENGAGED,synthetic,generator
demo_disengaged_03,1780220800.0,1780220980.0,3.0,0.0,0.0,1.0,0.0,0.5,0.0,0.0,0.8333,0.0,0.0,0.0,180.0,1.0,DISENGAGED,synthetic,generator
demo_disengaged_03,1780220830.0,1780221010.0,4.0,0.0,0.0,1.0,0.0,0.5,0.0,0.0,0.7778,0.0,0.0,0.0,180.0,1.0,DISENGAGED,synthetic,generator
demo_disengaged_03,1780220860.0,1780221040.0,4.0,0.0,0.0,1.0,0.0,0.5,0.0,0.0,0.7778,0.0,0.0,0.0,180.0,1.0,DISENGAGED,synthetic,generator
demo_disengaged_04,1780224640.0,1780224820.0,5.0,0.0,0.0,1.0,0.0,0.5,0.0,0.0,0.6667,0.0,0.0,0.0,180.0,0.8333,DISENGAGED,synthetic,generator
demo_disengaged_04,1780224670.0,1780224850.0,4.0,0.0,0.0,1.0,0.0,0.5,0.0,0.0,0.7778,0.0,0.0,0.0,180.0,1.0,DISENGAGED,synthetic,generator
demo_disengaged_04,1780224700.0,1780224880.0,5.0,0.0,0.0,1.0,0.0,0.5,0.0,0.0,0.7222,0.0,0.0,0.0,180.0,1.0,DISENGAGED,synthetic,generator
demo_disengaged_04,1780224730.0,1780224910.0,4.0,0.0,0.0,1.0,0.0,0.5,0.0,0.0,0.7778,0.0,0.0,0.0,180.0,1.0,DISENGAGED,synthetic,generator
demo_disengaged_04,1780224760.0,1780224940.0,4.0,0.0,0.0,1.0,0.0,0.5,0.0,0.0,0.7778,0.0,0.0,0.0,180.0,1.0,DISENGAGED,synthetic,generator
demo_disengaged_04,1780224790.0,1780224970.0,3.0,0.0,0.0,1.0,1.0,1.0,0.0,0.0,0.7778,0.0,0.0,0.0,180.0,1.0,DISENGAGED,synthetic,generator
demo_disengaged_04,1780224820.0,1780225000.0,3.0,0.0,0.0,1.0,1.0,1.0,0.0,0.0,0.7778,0.0,0.0,0.0,180.0,1.0,DISENGAGED,synthetic,generator
demo_disengaged_04,1780224850.0,1780225030.0,4.0,0.0,0.0,1.0,1.0,1.0,0.0,0.0,0.7222,0.0,0.0,0.0,180.0,1.0,DISENGAGED,synthetic,generator
demo_disengaged_04,1780224880.0,1780225060.0,4.0,0.0,0.0,1.0,1.0,1.0,0.0,0.0,0.7222,0.0,0.0,0.0,180.0,1.0,DISENGAGED,synthetic,generator
demo_disengaged_04,1780224910.0,1780225090.0,4.0,0.0,0.0,1.0,1.0,1.0,0.0,0.0,0.7222,0.0,0.0,0.0,180.0,1.0,DISENGAGED,synthetic,generator
demo_disengaged_04,1780224940.0,1780225120.0,4.0,0.0,0.0,1.0,1.0,1.0,0.0,0.0,0.7222,0.0,0.0,0.0,180.0,1.0,DISENGAGED,synthetic,generator
demo_disengaged_04,1780224970.0,1780225150.0,4.0,0.0,0.0,1.0,0.0,0.5,0.0,0.0,0.7778,0.0,0.0,0.0,180.0,1.0,DISENGAGED,synthetic,generator
demo_disengaged_04,1780225000.0,1780225180.0,4.0,0.0,0.0,1.0,0.0,0.5,0.0,0.0,0.7778,0.0,0.0,0.0,180.0,1.0,DISENGAGED,synthetic,generator
demo_disengaged_04,1780225030.0,1780225210.0,3.0,0.0,0.0,1.0,0.0,0.5,0.0,0.0,0.8333,0.0,0.0,0.0,180.0,1.0,DISENGAGED,synthetic,generator
demo_disengaged_04,1780225060.0,1780225240.0,3.0,0.0,0.0,1.0,0.0,0.5,0.0,0.0,0.7778,1.0,0.0,0.0,180.0,1.0,DISENGAGED,synthetic,generator
demo_disengaged_04,1780225090.0,1780225270.0,3.0,0.0,0.0,1.0,0.0,0.5,0.0,0.0,0.7778,1.0,0.0,0.0,180.0,1.0,DISENGAGED,synthetic,generator
demo_disengaged_04,1780225120.0,1780225300.0,3.0,0.0,0.0,1.0,0.0,0.5,0.0,0.0,0.7778,1.0,0.0,0.0,180.0,1.0,DISENGAGED,synthetic,generator
demo_disengaged_04,1780225150.0,1780225330.0,3.0,0.0,0.0,1.0,0.0,0.5,0.0,0.0,0.7778,1.0,0.0,0.0,180.0,1.0,DISENGAGED,synthetic,generator
demo_disengaged_04,1780225180.0,1780225360.0,3.0,0.0,0.0,1.0,0.0,0.5,0.0,0.0,0.7778,1.0,0.0,0.0,180.0,1.0,DISENGAGED,synthetic,generator
demo_disengaged_05,1780228960.0,1780229140.0,3.0,0.0,0.0,1.0,0.0,0.5,0.0,0.0,0.7778,0.0,0.0,0.0,180.0,0.75,DISENGAGED,synthetic,generator
demo_disengaged_05,1780228990.0,1780229170.0,3.0,0.0,0.0,1.0,0.0,0.5,0.0,0.0,0.8333,0.0,0.0,0.0,180.0,1.0,DISENGAGED,synthetic,generator
demo_disengaged_05,1780229020.0,1780229200.0,4.0,0.0,0.0,1.0,0.0,0.5,0.0,0.0,0.7778,0.0,0.0,0.0,180.0,1.0,DISENGAGED,synthetic,generator
demo_disengaged_05,1780229050.0,1780229230.0,3.0,0.0,0.0,1.0,0.0,0.5,0.0,0.0,0.8333,0.0,0.0,0.0,180.0,1.0,DISENGAGED,synthetic,generator
demo_disengaged_05,1780229080.0,1780229260.0,3.0,0.0,0.0,1.0,0.0,0.5,0.0,0.0,0.8333,0.0,0.0,0.0,180.0,1.0,DISENGAGED,synthetic,generator
demo_disengaged_05,1780229110.0,1780229290.0,3.0,0.0,0.0,1.0,0.0,0.5,0.0,0.0,0.7778,1.0,0.0,0.0,180.0,1.0,DISENGAGED,synthetic,generator
demo_disengaged_05,1780229140.0,1780229320.0,3.0,0.0,0.0,1.0,0.0,0.5,0.0,0.0,0.7778,1.0,0.0,0.0,180.0,1.0,DISENGAGED,synthetic,generator
demo_disengaged_05,1780229170.0,1780229350.0,3.0,0.0,0.0,1.0,0.0,0.5,0.0,0.0,0.7778,1.0,0.0,0.0,180.0,1.0,DISENGAGED,synthetic,generator
demo_disengaged_05,1780229200.0,1780229380.0,3.0,0.0,0.0,1.0,0.0,0.5,0.0,0.0,0.7778,1.0,0.0,0.0,180.0,1.0,DISENGAGED,synthetic,generator
demo_disengaged_05,1780229230.0,1780229410.0,3.0,0.0,0.0,1.0,0.0,0.5,0.0,0.0,0.7778,1.0,0.0,0.0,180.0,1.0,DISENGAGED,synthetic,generator
demo_disengaged_05,1780229260.0,1780229440.0,4.0,0.0,0.0,1.0,0.0,0.5,0.0,0.0,0.7222,1.0,0.0,0.0,180.0,1.0,DISENGAGED,synthetic,generator
demo_disengaged_05,1780229290.0,1780229470.0,3.0,0.0,0.0,1.0,0.0,0.5,0.0,0.0,0.8333,0.0,0.0,0.0,180.0,1.0,DISENGAGED,synthetic,generator
demo_disengaged_05,1780229320.0,1780229500.0,4.0,0.0,0.0,1.0,0.0,0.5,0.0,0.0,0.7778,0.0,0.0,0.0,180.0,1.0,DISENGAGED,synthetic,generator
demo_disengaged_05,1780229350.0,1780229530.0,4.0,0.0,0.0,1.0,0.0,0.5,0.0,0.0,0.7778,0.0,0.0,0.0,180.0,1.0,DISENGAGED,synthetic,generator
demo_disengaged_05,1780229380.0,1780229560.0,3.0,0.0,0.0,1.0,0.0,0.5,0.0,0.0,0.8333,0.0,0.0,0.0,180.0,1.0,DISENGAGED,synthetic,generator
demo_disengaged_05,1780229410.0,1780229590.0,3.0,0.0,0.0,1.0,0.0,0.5,0.0,0.0,0.8333,0.0,0.0,0.0,180.0,1.0,DISENGAGED,synthetic,generator
demo_disengaged_05,1780229440.0,1780229620.0,3.0,0.0,0.0,1.0,1.0,0.0,1.0,0.0,0.7778,0.0,0.0,0.0,180.0,1.0,DISENGAGED,synthetic,generator
demo_disengaged_05,1780229470.0,1780229650.0,4.0,0.0,0.0,1.0,1.0,0.0,1.0,0.0,0.7222,0.0,0.0,0.0,180.0,1.0,DISENGAGED,synthetic,generator
demo_disengaged_06,1780233280.0,1780233460.0,4.0,0.0,0.0,1.0,0.0,0.5,0.0,0.0,0.7778,0.0,0.0,0.0,180.0,0.8,DISENGAGED,synthetic,generator
demo_disengaged_06,1780233310.0,1780233490.0,3.0,0.0,0.0,1.0,0.0,0.5,0.0,0.0,0.8333,0.0,0.0,0.0,180.0,1.0,DISENGAGED,synthetic,generator
demo_disengaged_06,1780233340.0,1780233520.0,4.0,0.0,0.0,1.0,0.0,0.5,0.0,0.0,0.7778,0.0,0.0,0.0,180.0,1.0,DISENGAGED,synthetic,generator
demo_disengaged_06,1780233370.0,1780233550.0,3.0,0.0,0.0,1.0,0.0,0.5,0.0,0.0,0.8333,0.0,0.0,0.0,180.0,1.0,DISENGAGED,synthetic,generator
demo_disengaged_06,1780233400.0,1780233580.0,3.0,0.0,0.0,1.0,0.0,0.5,0.0,0.0,0.8333,0.0,0.0,0.0,180.0,1.0,DISENGAGED,synthetic,generator
demo_disengaged_06,1780233430.0,1780233610.0,3.0,0.0,0.0,1.0,0.0,0.5,0.0,0.0,0.8333,0.0,0.0,0.0,180.0,1.0,DISENGAGED,synthetic,generator
demo_disengaged_06,1780233460.0,1780233640.0,3.0,0.0,0.0,1.0,0.0,0.5,0.0,0.0,0.8333,0.0,0.0,0.0,180.0,1.0,DISENGAGED,synthetic,generator
demo_disengaged_06,1780233490.0,1780233670.0,3.0,0.0,0.0,1.0,0.0,0.5,0.0,0.0,0.8333,0.0,0.0,0.0,180.0,1.0,DISENGAGED,synthetic,generator
demo_disengaged_06,1780233550.0,1780233730.0,3.0,0.0,0.0,1.0,0.0,0.5,0.0,0.0,0.8333,0.0,0.0,0.0,180.0,1.0,DISENGAGED,synthetic,generator
demo_disengaged_06,1780233580.0,1780233760.0,3.0,0.0,0.0,1.0,0.0,0.5,0.0,0.0,0.8333,0.0,0.0,0.0,180.0,1.0,DISENGAGED,synthetic,generator
demo_disengaged_06,1780233610.0,1780233790.0,3.0,0.0,0.0,1.0,0.0,0.5,0.0,0.0,0.8333,0.0,0.0,0.0,180.0,1.0,DISENGAGED,synthetic,generator
demo_disengaged_06,1780233700.0,1780233880.0,3.0,0.0,0.0,1.0,0.0,0.5,0.0,0.0,0.7778,1.0,0.0,0.0,180.0,1.0,DISENGAGED,synthetic,generator
demo_disengaged_06,1780233730.0,1780233910.0,2.0,0.0,0.0,1.0,0.0,0.5,0.0,0.0,0.8333,1.0,0.0,0.0,180.0,1.0,DISENGAGED,synthetic,generator
demo_disengaged_06,1780233760.0,1780233940.0,3.0,0.0,0.0,1.0,0.0,0.5,0.0,0.0,0.7778,1.0,0.0,0.0,180.0,1.0,DISENGAGED,synthetic,generator
demo_disengaged_07,1780237600.0,1780237780.0,4.0,0.0,0.0,1.0,0.0,0.5,0.0,0.0,0.7222,0.0,0.0,0.0,180.0,0.8,DISENGAGED,synthetic,generator
demo_disengaged_07,1780237630.0,1780237810.0,3.0,0.0,0.0,1.0,0.0,0.5,0.0,0.0,0.8333,0.0,0.0,0.0,180.0,1.0,DISENGAGED,synthetic,generator
demo_disengaged_07,1780237660.0,1780237840.0,3.0,0.0,0.0,1.0,0.0,0.5,0.0,0.0,0.8333,0.0,0.0,0.0,180.0,1.0,DISENGAGED,synthetic,generator
demo_disengaged_07,1780237690.0,1780237870.0,3.0,0.0,0.0,1.0,0.0,0.5,0.0,0.0,0.8333,0.0,0.0,0.0,180.0,1.0,DISENGAGED,synthetic,generator
demo_disengaged_07,1780237720.0,1780237900.0,4.0,0.0,0.0,1.0,0.0,0.5,0.0,0.0,0.7778,0.0,0.0,0.0,180.0,1.0,DISENGAGED,synthetic,generator
demo_disengaged_07,1780237750.0,1780237930.0,3.0,0.0,0.0,1.0,0.0,0.5,0.0,0.0,0.8333,0.0,0.0,0.0,180.0,1.0,DISENGAGED,synthetic,generator
demo_disengaged_07,1780237780.0,1780237960.0,3.0,0.0,0.0,1.0,0.0,0.5,0.0,0.0,0.8333,0.0,0.0,0.0,180.0,1.0,DISENGAGED,synthetic,generator
demo_disengaged_07,1780237810.0,1780237990.0,3.0,0.0,0.0,1.0,0.0,0.5,0.0,0.0,0.8333,0.0,0.0,0.0,180.0,1.0,DISENGAGED,synthetic,generator
demo_disengaged_07,1780237840.0,1780238020.0,3.0,0.0,0.0,1.0,0.0,0.5,0.0,0.0,0.8333,0.0,0.0,0.0,180.0,1.0,DISENGAGED,synthetic,generator
demo_disengaged_07,1780237870.0,1780238050.0,4.0,0.0,0.0,1.0,0.0,0.5,0.0,0.0,0.7778,0.0,0.0,0.0,180.0,1.0,DISENGAGED,synthetic,generator
demo_disengaged_07,1780237900.0,1780238080.0,3.0,0.0,0.0,1.0,0.0,0.5,0.0,0.0,0.8333,0.0,0.0,0.0,180.0,1.0,DISENGAGED,synthetic,generator
demo_disengaged_07,1780237930.0,1780238110.0,4.0,0.0,0.0,1.0,0.0,0.5,0.0,0.0,0.7778,1.0,0.0,0.0,180.0,1.0,DISENGAGED,synthetic,generator
demo_disengaged_07,1780237960.0,1780238140.0,3.0,0.0,0.0,1.0,0.0,0.5,0.0,0.0,0.8333,1.0,0.0,0.0,180.0,1.0,DISENGAGED,synthetic,generator
demo_disengaged_07,1780237990.0,1780238170.0,3.0,0.0,0.0,1.0,0.0,0.5,0.0,0.0,0.8333,1.0,0.0,0.0,180.0,1.0,DISENGAGED,synthetic,generator
demo_disengaged_07,1780238020.0,1780238200.0,3.0,0.0,0.0,1.0,0.0,0.5,0.0,0.0,0.8333,1.0,0.0,0.0,180.0,1.0,DISENGAGED,synthetic,generator
demo_disengaged_07,1780238050.0,1780238230.0,2.0,0.0,0.0,1.0,0.0,0.5,0.0,0.0,0.8889,1.0,0.0,0.0,180.0,1.0,DISENGAGED,synthetic,generator
demo_disengaged_07,1780238080.0,1780238260.0,3.0,0.0,0.0,1.0,0.0,0.5,0.0,0.0,0.8333,1.0,0.0,0.0,180.0,1.0,DISENGAGED,synthetic,generator
demo_disengaged_08,1780241920.0,1780242100.0,3.0,0.0,0.0,1.0,0.0,0.5,0.0,0.0,0.8333,0.0,0.0,0.0,180.0,0.75,DISENGAGED,synthetic,generator
demo_disengaged_08,1780242130.0,1780242310.0,3.0,0.0,0.0,1.0,0.0,0.5,0.0,0.0,0.8333,1.0,0.0,0.0,180.0,1.0,DISENGAGED,synthetic,generator
demo_disengaged_08,1780242160.0,1780242340.0,2.0,0.0,0.0,1.0,0.0,0.5,0.0,0.0,0.8889,1.0,0.0,0.0,180.0,1.0,DISENGAGED,synthetic,generator
demo_disengaged_08,1780242190.0,1780242370.0,2.0,0.0,0.0,1.0,0.0,0.5,0.0,0.0,0.8889,1.0,0.0,0.0,180.0,1.0,DISENGAGED,synthetic,generator
demo_disengaged_08,1780242220.0,1780242400.0,3.0,0.0,0.0,1.0,0.0,0.5,0.0,0.0,0.8333,1.0,0.0,0.0,180.0,1.0,DISENGAGED,synthetic,generator
demo_disengaged_08,1780242250.0,1780242430.0,2.0,0.0,0.0,1.0,1.0,0.0,1.0,0.0,0.8333,1.0,0.0,0.0,180.0,1.0,DISENGAGED,synthetic,generator
demo_disengaged_08,1780242280.0,1780242460.0,2.0,0.0,0.0,1.0,1.0,0.0,1.0,0.0,0.8333,1.0,0.0,0.0,180.0,1.0,DISENGAGED,synthetic,generator
demo_disengaged_08,1780242310.0,1780242490.0,1.0,0.0,0.0,1.0,1.0,0.0,1.0,0.0,0.8889,0.0,0.0,0.0,180.0,1.0,DISENGAGED,synthetic,generator
demo_disengaged_08,1780242340.0,1780242520.0,2.0,0.0,0.0,1.0,1.0,0.0,1.0,0.0,0.8333,0.0,0.0,0.0,180.0,1.0,DISENGAGED,synthetic,generator
demo_disengaged_08,1780242370.0,1780242550.0,2.0,0.0,0.0,1.0,1.0,0.0,1.0,0.0,0.8333,0.0,0.0,0.0,180.0,1.0,DISENGAGED,synthetic,generator
demo_disengaged_08,1780242400.0,1780242580.0,2.0,0.0,0.0,1.0,1.0,0.0,1.0,0.0,0.8333,0.0,0.0,0.0,180.0,1.0,DISENGAGED,synthetic,generator
demo_disengaged_08,1780242460.0,1780242640.0,3.0,0.0,0.0,1.0,0.0,0.5,0.0,0.0,0.8333,0.0,0.0,0.0,180.0,1.0,DISENGAGED,synthetic,generator
demo_disengaged_09,1780246240.0,1780246420.0,3.0,0.0,0.0,1.0,0.0,0.5,0.0,0.0,0.8333,0.0,0.0,0.0,180.0,0.75,DISENGAGED,synthetic,generator
demo_disengaged_09,1780246270.0,1780246450.0,3.0,0.0,0.0,1.0,0.0,0.5,0.0,0.0,0.8333,0.0,0.0,0.0,180.0,1.0,DISENGAGED,synthetic,generator
demo_disengaged_09,1780246300.0,1780246480.0,3.0,0.0,0.0,1.0,0.0,0.5,0.0,0.0,0.8333,0.0,0.0,0.0,180.0,1.0,DISENGAGED,synthetic,generator
demo_disengaged_09,1780246330.0,1780246510.0,3.0,0.0,0.0,1.0,0.0,0.5,0.0,0.0,0.8333,0.0,0.0,0.0,180.0,1.0,DISENGAGED,synthetic,generator
demo_disengaged_09,1780246360.0,1780246540.0,3.0,0.0,0.0,1.0,0.0,0.5,0.0,0.0,0.8333,0.0,0.0,0.0,180.0,1.0,DISENGAGED,synthetic,generator
demo_disengaged_09,1780246600.0,1780246780.0,3.0,0.0,0.0,1.0,0.0,0.5,0.0,0.0,0.8333,0.0,0.0,0.0,180.0,1.0,DISENGAGED,synthetic,generator
demo_disengaged_09,1780246780.0,1780246960.0,2.0,0.0,0.0,1.0,1.0,0.0,1.0,0.0,0.8333,1.0,0.0,0.0,180.0,1.0,DISENGAGED,synthetic,generator
demo_disengaged_10,1780250560.0,1780250740.0,5.0,0.0,0.0,1.0,0.0,0.5,0.0,0.0,0.7222,0.0,0.0,0.0,180.0,0.8333,DISENGAGED,synthetic,generator
demo_disengaged_10,1780250590.0,1780250770.0,5.0,0.0,0.0,1.0,0.0,0.5,0.0,0.0,0.7222,0.0,0.0,0.0,180.0,1.0,DISENGAGED,synthetic,generator
demo_disengaged_10,1780250620.0,1780250800.0,4.0,0.0,0.0,1.0,0.0,0.5,0.0,0.0,0.7778,0.0,0.0,0.0,180.0,1.0,DISENGAGED,synthetic,generator
demo_disengaged_10,1780250650.0,1780250830.0,5.0,0.0,0.0,1.0,0.0,0.5,0.0,0.0,0.7222,0.0,0.0,0.0,180.0,1.0,DISENGAGED,synthetic,generator
demo_disengaged_10,1780250680.0,1780250860.0,3.0,0.0,0.0,1.0,0.0,0.5,0.0,0.0,0.8333,0.0,0.0,0.0,180.0,1.0,DISENGAGED,synthetic,generator
demo_disengaged_10,1780250710.0,1780250890.0,4.0,0.0,0.0,1.0,0.0,0.5,0.0,0.0,0.7778,0.0,0.0,0.0,180.0,1.0,DISENGAGED,synthetic,generator
demo_disengaged_10,1780250740.0,1780250920.0,4.0,0.0,0.0,1.0,0.0,0.5,0.0,0.0,0.7778,0.0,0.0,0.0,180.0,1.0,DISENGAGED,synthetic,generator
demo_disengaged_10,1780250770.0,1780250950.0,4.0,0.0,0.0,1.0,0.0,0.5,0.0,0.0,0.7778,0.0,0.0,0.0,180.0,1.0,DISENGAGED,synthetic,generator
demo_disengaged_10,1780250800.0,1780250980.0,4.0,0.0,0.0,1.0,0.0,0.5,0.0,0.0,0.7778,0.0,0.0,0.0,180.0,1.0,DISENGAGED,synthetic,generator
demo_disengaged_10,1780250830.0,1780251010.0,4.0,0.0,0.0,1.0,0.0,0.5,0.0,0.0,0.7778,0.0,0.0,0.0,180.0,1.0,DISENGAGED,synthetic,generator
demo_disengaged_10,1780250860.0,1780251040.0,4.0,0.0,0.0,1.0,0.0,0.5,0.0,0.0,0.7778,0.0,0.0,0.0,180.0,1.0,DISENGAGED,synthetic,generator
demo_disengaged_10,1780250890.0,1780251070.0,5.0,0.0,0.0,1.0,0.0,0.5,0.0,0.0,0.7222,0.0,0.0,0.0,180.0,1.0,DISENGAGED,synthetic,generator
demo_disengaged_10,1780250920.0,1780251100.0,4.0,0.0,0.0,1.0,0.0,0.5,0.0,0.0,0.7778,0.0,0.0,0.0,180.0,1.0,DISENGAGED,synthetic,generator
demo_disengaged_10,1780250950.0,1780251130.0,4.0,0.0,0.0,1.0,1.0,1.0,0.0,0.0,0.7222,0.0,0.0,0.0,180.0,1.0,DISENGAGED,synthetic,generator
demo_disengaged_10,1780250980.0,1780251160.0,4.0,0.0,0.0,1.0,1.0,1.0,0.0,0.0,0.7222,0.0,0.0,0.0,180.0,1.0,DISENGAGED,synthetic,generator
demo_disengaged_10,1780251010.0,1780251190.0,4.0,0.0,0.0,1.0,1.0,1.0,0.0,0.0,0.7222,0.0,0.0,0.0,180.0,1.0,DISENGAGED,synthetic,generator
demo_disengaged_10,1780251040.0,1780251220.0,5.0,0.0,0.0,1.0,1.0,1.0,0.0,0.0,0.6111,1.0,0.0,0.0,180.0,1.0,DISENGAGED,synthetic,generator
demo_disengaged_10,1780251070.0,1780251250.0,3.0,0.0,0.0,1.0,1.0,1.0,0.0,0.0,0.7222,1.0,0.0,0.0,180.0,1.0,DISENGAGED,synthetic,generator
demo_disengaged_10,1780251100.0,1780251280.0,4.0,0.0,0.0,1.0,1.0,1.0,0.0,0.0,0.6667,1.0,0.0,0.0,180.0,1.0,DISENGAGED,synthetic,generator
demo_disengaged_11,1780254880.0,1780255060.0,3.0,0.0,0.0,1.0,0.0,0.5,0.0,0.0,0.7778,0.0,0.0,0.0,180.0,0.75,DISENGAGED,synthetic,generator
demo_disengaged_11,1780254910.0,1780255090.0,3.0,0.0,0.0,1.0,0.0,0.5,0.0,0.0,0.8333,0.0,0.0,0.0,180.0,1.0,DISENGAGED,synthetic,generator
demo_disengaged_11,1780254940.0,1780255120.0,3.0,0.0,0.0,1.0,0.0,0.5,0.0,0.0,0.8333,0.0,0.0,0.0,180.0,1.0,DISENGAGED,synthetic,generator
demo_disengaged_11,1780254970.0,1780255150.0,4.0,0.0,0.0,1.0,0.0,0.5,0.0,0.0,0.7778,0.0,0.0,0.0,180.0,1.0,DISENGAGED,synthetic,generator
demo_disengaged_11,1780255000.0,1780255180.0,3.0,0.0,0.0,1.0,0.0,0.5,0.0,0.0,0.8333,0.0,0.0,0.0,180.0,1.0,DISENGAGED,synthetic,generator
demo_disengaged_11,1780255030.0,1780255210.0,3.0,0.0,0.0,1.0,0.0,0.5,0.0,0.0,0.8333,0.0,0.0,0.0,180.0,1.0,DISENGAGED,synthetic,generator
demo_disengaged_11,1780255060.0,1780255240.0,3.0,0.0,0.0,1.0,0.0,0.5,0.0,0.0,0.8333,0.0,0.0,0.0,180.0,1.0,DISENGAGED,synthetic,generator
demo_disengaged_11,1780255120.0,1780255300.0,3.0,0.0,0.0,1.0,0.0,0.5,0.0,0.0,0.8333,0.0,0.0,0.0,180.0,1.0,DISENGAGED,synthetic,generator
demo_disengaged_11,1780255150.0,1780255330.0,3.0,0.0,0.0,1.0,1.0,1.0,0.0,0.0,0.8333,0.0,0.0,0.0,180.0,1.0,DISENGAGED,synthetic,generator
demo_disengaged_11,1780255180.0,1780255360.0,3.0,0.0,0.0,1.0,1.0,1.0,0.0,0.0,0.8333,0.0,0.0,0.0,180.0,1.0,DISENGAGED,synthetic,generator
demo_disengaged_11,1780255210.0,1780255390.0,2.0,0.0,0.0,1.0,1.0,1.0,0.0,0.0,0.8889,0.0,0.0,0.0,180.0,1.0,DISENGAGED,synthetic,generator
demo_disengaged_11,1780255240.0,1780255420.0,3.0,0.0,0.0,1.0,1.0,1.0,0.0,0.0,0.8333,0.0,0.0,0.0,180.0,1.0,DISENGAGED,synthetic,generator
demo_disengaged_11,1780255270.0,1780255450.0,4.0,0.0,0.0,1.0,1.0,1.0,0.0,0.0,0.7778,0.0,0.0,0.0,180.0,1.0,DISENGAGED,synthetic,generator
demo_disengaged_11,1780255300.0,1780255480.0,3.0,0.0,0.0,1.0,1.0,1.0,0.0,0.0,0.8333,0.0,0.0,0.0,180.0,1.0,DISENGAGED,synthetic,generator
demo_disengaged_11,1780255330.0,1780255510.0,3.0,0.0,0.0,1.0,0.0,0.5,0.0,0.0,0.8333,0.0,0.0,0.0,180.0,1.0,DISENGAGED,synthetic,generator
demo_disengaged_11,1780255360.0,1780255540.0,3.0,0.0,0.0,1.0,0.0,0.5,0.0,0.0,0.8333,0.0,0.0,0.0,180.0,1.0,DISENGAGED,synthetic,generator
demo_disengaged_11,1780255390.0,1780255570.0,3.0,0.0,0.0,1.0,0.0,0.5,0.0,0.0,0.8333,0.0,0.0,0.0,180.0,1.0,DISENGAGED,synthetic,generator
demo_disengaged_11,1780255420.0,1780255600.0,3.0,0.0,0.0,1.0,0.0,0.5,0.0,0.0,0.8333,0.0,0.0,0.0,180.0,1.0,DISENGAGED,synthetic,generator
